
--
-- `ecs_brand`
--

INSERT INTO `ecs_brand` (`brand_id`, `brand_name`, `brand_logo`, `brand_desc`, `site_url`, `sort_order`, `is_show`) VALUES
(1, '诺基亚', '1224961074495346754.gif', '官方咨询电话：4008800123\r\n售后网点：http://www.nokia.com.cn/A4630632', 'http://www.nokia.com.cn', 1, 1),
(2, '摩托罗拉 ', '1224960993763141518.gif', '官方咨询电话：4008105050\r\n售后网点：http://www.motorola.com.cn/service/carecenter/search.asp ', 'http://www.motorola.com.cn', 2, 1),
(3, '多普达', '1224961808885218947.gif', '官方咨询电话：4008201668\r\n售后网点：http://www.dopod.com/pc/service/searchresult2.php ', 'http://www.dopod.com ', 7, 1),
(4, '飞利浦', '1224963611876716553.gif', '官方咨询电话：4008800008\r\n售后网点：http://www.philips.com.cn/service/mustservice/index.page ', 'http://www.philips.com.cn ', 9, 1),
(5, '夏新', '1224961587522322759.gif', '官方咨询电话：4008875777\r\n售后网点：http://www.amobile.com.cn/service_fwyzc.asp ', 'http://www.amobile.com.cn', 6, 1),
(6, '三星', '1224961337062927496.gif', '官方咨询电话：8008105858\r\n售后网点：http://cn.samsungmobile.com/cn/support/search_area_o.jsp ', 'http://cn.samsungmobile.com', 4, 1),
(7, '索爱', '1224961170673233840.gif', '官方咨询电话：4008100000\r\n售后网点：http://www.sonyericsson.com/cws/common/contact?cc=cn&lc=zh ', 'http://www.sonyericsson.com.cn/', 3, 1),
(8, 'LG', '1224961476889999917.gif', '官方咨询电话：4008199999\r\n售后网点：http://www.lg.com.cn/front.support.svccenter.retrieveCenter.laf?hrefId=9 ', 'http://cn.wowlg.com', 5, 1),
(9, '联想', '1224961878580224531.gif', '官方咨询电话：4008188818\r\n售后网点：http://www.lenovomobile.com/service/kf-wanglou.asp', 'http://www.lenovomobile.com/', 8, 1),
(10, '金立', '1224963100564184628.gif', '官方咨询电话：4007796666\r\n售后网点：http://www.gionee.net/service.asp ', 'http://www.gionee.net', 10, 1),
(11, '恒基伟业', '1224963309699278498.gif', '官方咨询电话：4008899126\r\n售后网点：http://www.htwchina.com/htwt/wexiu.shtml ', 'http://www.htwchina.com', 11, 1);

--
-- `ecs_article`
--
INSERT INTO `ecs_article` (`article_id`, `cat_id`, `title`, `content`, `author`, `author_email`, `keywords`, `article_type`, `is_open`, `add_time`, `file_url`, `open_type`, `link`) VALUES
(7, 4, '订购方式', '<div class="artibody">\r\n<div><strong><font size="2">A网上订购</font></strong></div>\r\n<div style="text-indent: 21.75pt"><font size="2">选择您心仪的商品后，点击&ldquo;购买&rdquo;将商品添加到您的购物车，在购物清单中可以对商品进行删除或修改其订购数量等。然后进入结算中心，请准确填写收货人信息并选择付款方式，确认信息，提交订单，客服人员在看到您的定单后会立即与您联系确认定单。</font></div>\r\n<div><font size="2">&nbsp;</font></div>\r\n<div><strong><font size="2">B电话订购</font></strong></div>\r\n<div><font size="2"><span>&nbsp;&nbsp;&nbsp; </span>拨打您当地的客服电话，将您需要的产品名称以及收货信息告诉客服人员，即可完成电话订购</font></div>\r\n</div>', '18900手机网', '', 'ECShop ', 0, 1, 1224894403, '', 0, 'http://'),
(8, 4, '购物流程', '<p align="center"><img height="804" alt="" width="287" src="http://www.18900.com.cn/images/upload/gwlc(1).jpg" /></p>', '18900手机网', '', '', 0, 1, 1224895128, '', 0, 'http://'),
(9, 4, '售后流程', '<p><img alt="" src="http://www.18900.com.cn/images/upload/shlc(3).jpg" /></p>', '18900手机网', '', '', 0, 1, 1224895136, '', 0, 'http://'),
(10, 9, '如何分辨水货手机 ', '<div class="artibody">\r\n<p><font size="2"><strong>1、&nbsp;什么是水货？</strong><br />\r\n提及水货手机，按照行业内的说法，可以将水货手机分成三类：A类、B类和C类。 </font></p>\r\n<p><font size="2">A类水货手机是指由国外、港澳台等地区在没有经过正常海关渠道的情况下进入国内市场的产品，就是我们常说的走私货，与行货的主要差异是在输入法上，这类手机都是英文输入法或者是港澳台地区的繁体中文输入法。这类手机其最主要的目的是为了逃避国家关税或者因为该种产品曾经过不正当改装而不能够通过正常渠道入关，质量一般没有大的问题。但由于逃避关税本身就是违法的，所以购买这类手机的用户根本得不到任何售后保障服务； </font></p>\r\n<p><font size="2">B类水货手机就是走私者将手机的系统软件由英文版升级至中文版后，偷运到内地，然后贴上非法渠道购买的入网标志，作为行货手机充数。 </font></p>\r\n<p><font size="2">C类水货手机则是那些由其他型号机改装、更换芯片等等方法做假&ldquo;生产&rdquo;出来的，或者就是从各地购买手机的部件，自己组装然后再贴上非法购买的入网标志。 </font></p>\r\n<p><font size="2">水货手机虽然不排除它是原厂正货的可能，但通过市场调研发现，绝大多数水货手机都是改版的次货，而且产品基本没有受国内厂商的保修许可。</font></p>\r\n<p><font size="2"><strong>2、水货有哪些？</strong>水货有两种，一种俗称港行，也称作水行，这种产品原本是在香港及周边地区销售的，但是经过非法途径进入大陆地区销售。另一种是欧版水改机，也称作欧版，水改等，此种产品以英文改版机为主，通过刷改机内软件达到英文改中文的目的，原来这类产品是销往欧美地区的，由于和大陆地区有相当大的价格差，所以通过走私进入中国市场。</font></p>\r\n<p><font size="2"><strong>3、水货手机的危害</strong><br />\r\n1、售后服务无保障 <br />\r\n　　手机作为精密类电子产品，软件、硬件方面都有可能产生不同的问题。购买正规渠道的手机，一旦出现问题，只要将问题反映给厂商客户服务中心并静候佳音就可以了。大多数走私手机的贩卖点规模较小，根本没有资金和技术能力建立起自己的维修网点，因此他们往往制定非常苛刻的保修条件，将国家明令的一年保修期缩短为三个月，并加入完全对走私手机经销商有利的诸如&ldquo;认为摔打&rdquo;等概念难以界定的排除条件(众所周知，手机很有可能发生摔撞事件)，是确确实实的霸王条款。规定时间内手机出了故障，走私手机经销商会通过曲解条款尽可能地开脱保修责任。即使他们愿意承担保修服务，也需将手机发往广州、深圳等地，委托他人维修。一来路途漫长，二来经手人繁多，小问题&ldquo;修&rdquo;成了大问题。最终走私手机经销商会以无法维修为由劝客户自行去当地正规客服维修。至于维修费用，他们自然也不愿意出了。<br />\r\n<br />\r\n2、产品本身质量不过关<br />\r\n&nbsp;&nbsp;&nbsp; 现在很多奸商为了谋取暴利，经常使用C类的翻修或者组装手机冒充A类水货手机进行销售。作为消费者来说面对和正规行货之间巨大的价格差异，他们无法分辨想要购买的手机是否象销售商说的那样质量过硬，在销售商的巧舌如簧下只能眼看自己的钱包&ldquo;减肥&rdquo;。 </font></p>\r\n<p><font size="2">但是这类翻修或者组装的水货手机往往为了降低成本，其采用的配件往往也是不合格产品，甚至也是伪劣产品，可以想象由这样产品组装起来的手机的质量究竟可以好到那里去。目前在经常看到手机电池爆炸伤人的事件的报道，究其原因也是消费者购买了这些组装的水货手机。</font></p>\r\n<p><font size="2">而且不光这类手机硬件存在问题，包括手机使用的软件。由于组装的水货硬件规格根本无法保证和原场产品一致，手机使用的软件也会造成和手机硬件的冲突。频繁死机就是家常便饭，更有甚者会造成经常性的电话本丢失，无法联系到好友。</font></p>\r\n<p><br />\r\n<font size="2"><strong>4、如何分辨行、水货手机？</strong><br />\r\n1、看手机上是否贴有信息产业部&ldquo;进网许可&rdquo;标志。水货与正品的入网标志稍微有一点不同：真的入网标志一般都是针式打印机打印的，数字清晰，颜色较浅，仔细看有针打的凹痕；假的入网标志一般是普通喷墨打印机打印的，数字不很清晰，颜色较深，没有凹痕。 </font></p>\r\n<p><font size="2">2、检查手机的配置，包括中文说明书、电池、充电器等，如果是厂家原配，一般均贴有厂家的激光防伪标志。原厂配置的中文说明书通常印刷精美，并与其他语言的说明书及相关产品资料的印刷质量、格式、风格等保持一致。不是原厂家配置的中文说明书通常印刷质量低劣，常出现错别字，甚至字迹模糊。正品手机的包装盒中均附带有原厂合格证、原厂条码卡、原厂保修卡，而水货则没有。 </font></p>\r\n<p><font size="2">3、确认经销商的保修条例是否与厂家一致，在购买手机时应索要发票和保修卡。 </font></p>\r\n<p><font size="2">4、电子串号是否一致也是验证是否水货手机的重要途径。首先在手机上按&ldquo;*#06#&rdquo;，一般会在手机上显示15个数字，这就是本手机的IMEI码。然后打开手机的电池盖，在手机里有一张贴纸，上面也有一个IMEI码，这个码应该同手机上显示的IMEI码完全一致。然后再检查手机的外包装盒上的贴纸，上面也应该有一个IMEI码，这个码也应该同手机上显示的IMEI码完全一致。如果此三个码有不一致的地方，这个手机就有问题。</font></p>\r\n</div>', '18900手机网', '', '', 0, 1, 1224895146, '', 0, 'http://'),
(11, 9, '如何享受全国联保', '<p><strong><font size="2">手机三包政策</font></strong></p>\r\n<p align="left"><font size="2">一、移动电话机商品实行谁经销谁负责三包的原则。销售者与生产者或供货者、销售者与修理者、生产者或供货者与修理者之间订立的合同，不得免除本规定的三包责任和义务。 </font></p>\r\n<p align="left"><font size="2">二、《规定》是实行移动电话机商品三包的最基本要求。国家鼓励销售者、生产者作出更有利于维护消费者合法权益，严于《规定》的三包承诺。承诺作为明示担保，应当依法履行，否则应当依法承担责任。 </font></p>\r\n<p align="left"><font size="2">三、销售者在销售移动电话机商品时，应提供三包凭证、有效发货票，并准确填写、加盖印章。应开箱检验，正确调试，介绍产品的基本性能，使用维护和保养方法以及三包方式和修理者。 </font></p>\r\n<p align="left"><font size="2">四、修理者应认真记录修理故障情况、故障处理情况和修理后的质量状况，向消费者当面交验修理好的移动电话机商品，并如实完整地在三包凭证上填写维修记录，承担因自身修理过错造成的责任的损失。 </font></p>\r\n<p align="left"><font size="2">五、生产者（进口者视同生产者）应具有信息产业部颁发的电信设备进网许可证书；移动电话机主机机身贴有进网许可标志，并随机携带该机型的产品使用说明书、合格证和三包凭证；保证移动电话机商品符合法定标识要求，符合产品说明书等明示的性能及功能。 </font></p>\r\n<p align="left"><font size="2">六、移动电话机主机三包有效期为1年。附件的三包有效期为：电池6个月，外接有线耳机3个月，充电器、移动终端卡、数据接口卡为1年。三包有效期自开具发票之日起计算，扣除因修理占用、无零配件待修延误的时间。 </font></p>\r\n<p align="left"><font size="2">七、在三包有效期内，消费者依照本规定享受修理、更换、退货的权利。应当凭发货票和三包凭证办理。 </font></p>\r\n<p align="left"><font size="2">消费者丢失发货票和三包凭证，且不能提供发货票底联或者发货票（底联）复印件等有效证据，但依照主机机身号（IMEI串号）显示的出厂日期推算仍在三包有效期内的，应当以出厂日期后第90日为三包有效期的起始日期，销售者、修理者、生产者应当按照规定负责免费修理。 </font></p>\r\n<p align="left"><font size="2">八、在三包有效期内，移动电话机主机出现质量问题的，由修理者免费修理。修理者应当保证修理后的移动电话机商品能够正常使用30日以上。 </font></p>\r\n<p align="left"><font size="2">九、自售出之日起7日内，移动电话机主机出现说明书所列功能失效、屏幕无显示、错字、漏划、无法开机、不能正常登录或通信、无振铃、拨号错误、非正常关机、SIM卡接触不良、按键控制失效、无声响、单向无声或音量不正常、因结构或材料因素造成的外壳裂损等性能故障的，消费者可以选择退货、换货或者修理。消费者要求换货时，销售者应当免费为消费者更换同型号同规格的移动电话机。消费者要求退货时，销售者应当负责免费为消费者退货，并按发货票价格一次退清货款。 </font></p>\r\n<p align="left"><font size="2">十、自售出之日起第8日至第15日内，移动电话机出现上列性能故障的，消费者可以选择换货或者修理。消费者要求换货时，销售者应当免费为消费者更换同型号同规格的移动电话机主机。 </font></p>\r\n<p align="left"><font size="2">十一、在三包有效期内，移动电话机主机出现上列性能故障，经两次修理，仍不能正常使用的，凭三包凭证中修理者提供的修理记录，由销售者负责为消费者免费更换同型号同规格的移动电话机主机。 </font></p>\r\n<p align="left"><font size="2">十二、在三包有效期内，电池、充电器、移动终端卡、外接有线耳机、数据接口卡等移动电话机附件出现性能故障的，销售者应当为消费者免费更换同品牌同型号同规格的附件。更换两次仍不能正常使用的，销售者应当负责免费为消费者退货，单独销售的，按发货票价格一次退清货款；与主机一起销售的，按退货当时单独销售的价格一次退还货款。 </font></p>\r\n<p align="left"><font size="2">十三、送修的移动电话机主机在7日内不能修好的，修理者应当免费给消费者提供备用机，待原机修好后收回备用机。 </font></p>\r\n<p align="left"><font size="2">十四、因生产者未按合同或者协议提供零配件，使维修者延误了维修时间，并自送修之日起超过60日未修好的，凭发货票和三包凭证中修理者提供的修理记录，由销售者负责免费为消费者更换同型号同规格的移动电话机主机。 </font></p>\r\n<p align="left"><font size="2">十五、因修理者自身原因，使修理时间超过30日未修好的，凭发货票和三包凭证中修理者提供的修理记录由销售者负责免费为消费者更换同型号同规格的移动电话机主机。 </font></p>\r\n<p align="left"><font size="2">十六、符合换货条件，但销售者无同型号同规格商品，消费者不愿意调换其它型号规格的商品而要求退货的，销售者应当负责免费为消费者退货，并按发货票的价格一次退清货款。 </font></p>\r\n<p align="left"><font size="2">十七、符合换货条件，并且销售者有同型号同规格移动电话机商品，消费者不愿意调换而要求退货的，销售者应当予以退货，但对于使用过的商品应当按价款每日0.5％的折旧率收取折旧费。 </font></p>\r\n<p align="left"><font size="2">十八、换货时，应当提供新的商品。换货后，商品三包有效期自换货之日起重新计算。由销售者在发货票背面加盖印章，注明更换日期，并提供新的三包凭证。 </font></p>\r\n<p align="left"><font size="2">十九、对于在经营活动中赠送消费者的移动电话机商品，应当按照该《规定》承担三包责任。</font></p>', '18900手机网', '', '', 0, 1, 1224895174, '', 0, 'http://www.ecshop.com'),
(12, 9, '如何分辨原装电池', '<p><font size="2">一般在购买时主要是依靠观察外观特征的方法来鉴别电池，而原装电池一般应具有以下一些特征：&nbsp;<br />\r\n<br />\r\n1、 电池外观整齐，外表面有一定的粗糙度且手感舒适，内表面手感光滑，灯光下能看见细密的纵向划痕&nbsp;<br />\r\n<br />\r\n2、 生产厂家字样应该轮廓清晰，且防伪标志亮度高，看上去有立体感，电池标贴 字迹清晰，有与电池类型相一致的电池件号<br />\r\n3、 电池标贴采用二次印刷技术，在一定光线下从斜面看，条形码部分的颜色比其他部分要黑，且用手触摸有凹凸感<br />\r\n<br />\r\n4、 原装电池电极与手机电池片宽度相等，电池电极下方标有&ldquo; + &rdquo;、&ldquo; - &rdquo;标志，电池电极片之间的隔离材料与外壳材料一致，但不是一体<br />\r\n<br />\r\n5、 原装电池装入手机时手感舒适，安装自如，电池按压部分卡位适当而且牢固<br />\r\n<br />\r\n6、 原装电池的金属触点采用优质的铜片，只有在正面看时才会有反光，而从其它角度看的话，都是比较暗淡的</font></p>', '18900手机网', '', '', 0, 1, 1224895355, '', 0, 'http://'),
(13, 10, '摩托罗拉发布全球首创圆形显示屏手机AURA', '<p>传承奢华腕表的设计与手工臻品的精髓，摩托罗拉公司(纽约证券交易所代码：MOT)今天发布了最新旗舰产品AURA?手机。这款特别设计的手机以尊贵脱俗的奢华之感，重塑手机设计与制造艺术的高雅之韵，炼锻出手机中的绝世之宝。AURA手机拥有业内首创圆形显示屏，设计经典、工艺精湛，为追求独具优雅品位的您带来前所未有的奢华感官体验。</p>\r\n<!--advertisement code begin--><!--advertisement code end-->\r\n<p>　　&nbsp;&nbsp;&nbsp;&nbsp;巧夺天工的设计、高性能赛车引擎制造工艺和超高清晰印刷画质的显示屏&mdash;&mdash;这三个完美灵念，赋予了AURA手机的创作源泉。摩托罗拉全球首创的圆形手机显示屏，瞬间唤醒人们对奢华腕表恒久之美的无穷回味。手机内部的主轴承采用瑞士醇熟工艺锻造而成，诠释至臻精密技术和杰出机械工艺；200多个零部件无缝悄声运转，演绎完美协作。独特的圆形液晶显示屏绚烂呈现了高达1600万色、300dpi的超高清晰分辨率，可媲美印刷画质，令人惊叹。屏幕镜面采用世界上最耐划的材料之一&mdash;&mdash;62克拉一级蓝宝石水晶--彰显AURA之典雅尊贵。</p>\r\n<p>　　&nbsp;&nbsp;&nbsp;&nbsp;摩托罗拉公司副总裁、移动终端事业部消费者体验设计中心设计总监Jim Wicks表示：&ldquo;AURA是摩托罗拉在高端奢华手机领域打造的最新杰作，也是我们在设计、想象力和顶级手工艺术领域不断追求创新的灵感结晶。自拥有 AURA的瞬间，用户的自我品味即刻升华，独享其奢华体验和无可比拟的卓越品质。&quot;</p>\r\n<p>　　&nbsp;&nbsp;&nbsp;&nbsp;纵观AURA，纯净无暇的不锈钢外壳及表面经化学蚀刻的精美纹理与图案，彰显出手工雕刻的饱满和流畅。优质不锈钢材料历经近两周的雕饰、电镀、手工抛光、化学蚀刻和PVD表面涂层工艺等处理，炼造出AURA手机的前盖，细腻程度堪比全手工制作的奢华物件。如此精雕细琢，方可成就恒久弥新之世间珍品。</p>\r\n<p>　　&nbsp;&nbsp;&nbsp;&nbsp;翻转手机，您可从背面的透明玻璃窥见AURA机械核心的奥秘。主轴承与齿轮采用瑞士工艺制造，洛式硬度为50-55的硬化钢及130枚滚珠轴承完美配合驱动AURA独有的助推式180度旋转滑盖方式--滑开手机盖的感觉，就像是开启一部奢华座驾的车门。特别定制设计的旋转机械装置由 200多枚高精度加工的单个零件组成，这些零件采用制造高性能赛车引擎的涂层技术，可保护旋转齿轮在苛刻使用环境下依旧保持完美表现。AURA采用了摩托罗拉CrystalTalk?丽音专利技术，打造水晶般极致清晰的通话效果；接打电话时可通过蓝牙立体声传输协议1连接兼容的蓝牙耳机，解放您的双手，尽享沟通的艺术。</p>\r\n<p>　　&nbsp;&nbsp;&nbsp;&nbsp;摩托罗拉(中国)电子有限公司总裁高瑞彬表示：&ldquo;这款摩托罗拉最新艺术杰作AURA与中国的高品位成功人士完美搭配，在中国销售价格将会在RMB 16,000左右。在中国市场销售的前1,000部AURA手机将特别在后盖镌刻永久的全球唯一识别代码。消费者也可以通过摩托罗拉官方网店预订、购买 (motostore.com.cn)，并可在北京、上海两地尊享送货上门等VIP服务。&rdquo;</p>\r\n<p>　　AURA预计于2008年第四季度初在全球上市。</p>', 'ecshop', '', '', 0, 1, 1224963876, '', 0, 'http://'),
(14, 10, '移动提醒:窃听通话复制手机卡为短信诈骗新招术', '<p><span style="font-size: larger"><font face="宋体">近两天，部分移动手机用户收到10086发送的一条短信&mdash;&mdash;近期不法分子通过发送短信&ldquo;提供手机清单、复制手机卡、用复制卡接受对方短信、窃听通话&rdquo;实施诈骗，请客户谨防受骗。</font></span></p>\r\n<p><span style="font-size: larger"><font face="宋体">　　移动公司的工作人员介绍说，</font></span><font face="宋体">\r\n<table align="left">\r\n    <tbody>\r\n        <tr>\r\n            <td>&nbsp;</td>\r\n        </tr>\r\n    </tbody>\r\n</table>\r\n</font><span style="font-size: larger"><font face="宋体">近日有部分客户反映，经常收到&ldquo;你的手机卡已被复制，某某号码正在使用你的电话号码&rdquo;等垃圾短信。工作人员表示，这些短信内容完全是虚假的，都是由一些普通电话号码发出的，很可能是不法分子实施诈骗的一种方式。移动公司通过对这些垃圾短信的内容进行综合分析，特意发短信提醒客户谨防上当受骗。如果你收到类似的垃圾短信，请不要相信，也不要回复和理睬，以免不法分子有可乘之机。</font></span></p>', 'ecshop', '', '', 0, 1, 1224964153, '', 0, 'http://'),
(15, 7, '支付方式说明', '<p style="text-align: center"><span style="font-size: large">支付方式说明</span></p>', 'ecshop', '', '', 0, 1, 1224969085, '', 0, 'http://'),
(16, 7, '配送支付智能查询 ', '<p style="text-align: center"><span style="font-size: medium">配送支付智能查询 </span></p>', 'ecshop', '', '', 0, 1, 1224969122, '', 0, 'http://'),
(17, 7, '货到付款区域 ', '', 'ecshop', '', '', 0, 1, 1224969183, '', 0, 'http://'),
(18, 6, '产品质量保证 ', '', 'ecshop', '', '', 0, 1, 1224969266, '', 0, 'http://'),
(19, 6, '售后服务保证 ', '<p style="text-align: center"><span style="font-size: small">售后服务保证 </span></p>', 'ecshop', '', '', 0, 1, 1224969295, '', 0, 'http://'),
(20, 6, '退换货原则', '<p style="text-align: center"><span style="font-size: medium">退换货原则</span></p>', 'ecshop', '', '', 0, 1, 1224969315, '', 0, 'http://'),
(21, 5, '投诉与建议 ', '', 'ecshop', '', '', 0, 1, 1224969427, '', 0, 'http://'),
(22, 5, '选机咨询 ', '<p style="text-align: center"><span style="font-size: small">选机咨询 </span></p>', 'ecshop', '', '', 0, 1, 1224969457, '', 0, 'http://'),
(23, 5, '网站故障报告', '', '', '', '', 0, 1, 1224969531, '', 0, 'http://www.ecshop.com'),
(24, 8, '我的订单', '', 'ecshop', '', '', 0, 1, 1224969721, '', 0, 'user.php?act=order_list'),
(25, 8, '我的收藏', '', 'ecshop', '', '', 0, 1, 1224969763, '', 0, 'user.php?act=collection_list'),
(26, 8, '资金管理', '', 'ecshop', '', '', 0, 1, 1224969806, '', 0, 'user.php?act=account_log'),
(27, 10, '美第四大移动运营商：暂不发售Android手机', '<h5>北京时间10月26日消息，据国外媒体报道，美国第四大移动运营商T-Mobile本周三刚刚发售由谷歌(Google)主持开发、由中国台湾手机制造商宏达电(HTC)生产的Android G1智能手机后，美国第三大移动运营商Sprint首席执行官丹&middot;赫塞(Dan Hesse)近日却表示，就目前而言，Android平台性能尚不够完美，Sprint暂时不会效仿T-Mobile，即近期内不会发售Android手机。</h5>\r\n<h5>　　赫塞日前在华盛顿市&ldquo;美国国家记者俱乐部&rdquo;发表演说时称：&ldquo;谷歌的Android平台性能尚不够完美，我们目前还不打算在Android手机外部贴上Sprint标识。&rdquo;但他接着表示，在Android平台性能得到完善后，Sprint于&ldquo;今后某个时间&rdquo;发售印有Sprint标识的 Android手机。</h5>\r\n<h5>为扩大Android手机市场影响力，谷歌去年11月组建了&ldquo;开放手机联盟&rdquo;(OHA)，其成员既包括宏达电、摩托罗拉等手机厂商，也包括中国移动、 Sprint等移动运营商。分析人士称，鉴于美国移动通信市场竞争非常激烈，而Sprint又是OHA成员，该公司今后肯定也会考虑发售Android手机。</h5>', 'ecshop', '', '', 0, 1, 1224973810, '', 0, 'http://'),
(28, 11, '诺基亚6681手机广告欣赏', '<object>\r\n<param name="allowScriptAccess" value="always" />\r\n<param name="wmode" value="transparent" />\r\n<param name="movie" value="http://6.cn/player.swf?flag=0&amp;vid=nZNyu3nGNWWYjmtPQDY9nQ" /><embed type="application/x-shockwave-flash" wmode="transparent" allowscriptaccess="always" height="385" width="480" src="http://6.cn/player.swf?flag=0&amp;vid=nZNyu3nGNWWYjmtPQDY9nQ"></embed></object>', 'ecshop', '', '', 1, 1, 1224975792, '', 0, 'http://'),
(29, 10, '联想将推Google手机 进军Android平台', '<p>自从9月23日首部搭载Android平台的 Google手机T-Mobile G1诞生以来，人们在惊叹该机出色功能的同时都对该机在国内市场的问世充满了期待。不过，由于HTC生产的G1仅仅为T-Mobile的独家产品，因此在国内推出行货的可能性几乎为零。好在Android平台的开源策略给了我们更多的选择，除了<a href="http://topic.ccw.com.cn/corpCenter/469.html" target="_blank"><font color="#0000cc"><b>三星</b></font></a>和LG均表态会在明年推出Android平台手机之外，<strong>在北京&ldquo;2008年中国国际信息通信展览会&rdquo;（P&amp;T/E<a href="http://wiki.ccw.com.cn/Athlon+XP" target="_blank"><font color="#0000cc"><b>XP</b></font></a>O COMM CHINA 2008）之上，国产品牌<a href="http://topic.ccw.com.cn/corpCenter/420.html" target="_blank"><font color="#0000cc"><b>联想</b></font></a>也首次向外界宣布将会于明年与中国移动合作，推出自己的Google手机。</strong></p>\r\n<p>自从9月23日首部搭载Android平台的 Google手机T-Mobile G1诞生以来，人们在惊叹该机出色功能的同时都对该机在国内市场的问世充满了期待。不过，由于HTC生产的G1仅仅为T-Mobile的独家产品，因此在国内推出行货的可能性几乎为零。好在Android平台的开源策略给了我们更多的选择，除了三星和LG均表态会在明年推出Android平台手机之外，在北京&ldquo;2008年中国国际信息通信展览会&rdquo;（P&amp;T/EXPO COMM CHINA 2008）之上，国产品牌联想也首次向外界宣布将会于明年与中国移动合作，推出自己的Google手机。</p>\r\n<p class="newtext">&nbsp;</p>\r\n<p align="center"><img alt="" src="http://imgs.ccw.com.cn/resources/2008_10/2008_10_26/200810269661224986280845.jpg" /></p>\r\n<p>&nbsp;</p>\r\n<p class="newtext">据悉，在2008中国国际信息通信展于昨天（10月22日）上午10点30分举办的高端访谈中，联想移动公司品牌沟通部总经理王彦出人预料的向媒体透露了一则惊人的消息，联想移动将在2009年在中国推出一款采用Android<a href="http://wiki.ccw.com.cn/index.php/%E6%93%8D%E4%BD%9C%E7%B3%BB%E7%BB%9F" target="_blank">的Google智能手机。同时，按照相关说法显示这次联想所推的 Google手机也将采取与运营商合作的方式，选择与中国移动进行合作，对手机进行深度定制，从而将功能重点放在移动互联网应用之上。不过，联想方面并没有透露该机的具体相关功能规格，但在该机的具体推出时间，联想方面给出的答案是预计于明年二月份到三月份推出。也就是说，从现在开始联想还有半年的时间来研制第一款国产Google手机。</a><a href="http://wiki.ccw.com.cn/%E6%93%8D%E4%BD%9C%E7%B3%BB%E7%BB%9F" target="_blank"><font color="#0000cc"><b>操作系统</b></font></a></p>\r\n<p class="newtext">&nbsp;</p>\r\n<p align="center"><img alt="" src="http://imgs.ccw.com.cn/resources/2008_10/2008_10_26/200810265051224986280845.jpg" /></p>\r\n<p>&nbsp;</p>\r\n<p class="newtext">&nbsp;</p>\r\n<p class="newtext">而目前HTC为T-Mobile定制的G1是唯一的Google手机，于今年9月23日正式发布。该机采用了独特的侧滑盖设计，不仅配备有3.2英寸 HVGA（320&times;480像素）分辨率的全触控式屏幕、而且更提供了QWERTY标准键盘，可让用户获得更便利快捷的文字输入功能以及手机上网等功能。为了体现出该机主攻互联网应用的特色，G1内置了多项Google服务功能，包括Google地图、街景服务、Gmail、YouTube等。同时容易操作的界面以及快捷键设计，可以让用户以更快的速度进入Google功能，从而让用户可及时获得他们所需要的信息。T-Mobile G1还装载有528MHz的Qualcomm MSM7201A处理器，内置192MB RAM和256MB ROM内存，并支持最大8GB容量的micro-<a href="http://wiki.ccw.com.cn/index.php/SD" target="_blank"><font color="#0000cc"><b>SD</b></font></a><a href="http://www.ccw.com.cn/server/topic/stor/" target="_blank"><font color="#0000cc"><b>存储</b></font></a>卡扩展功能。支持GSM HSDPA/ HSUPA网络和WLAN（Wi-Fi 802.11 b/g）无线局域网接入功能，并内置320万像素的摄像头。</p>\r\n<p class="newtext">&nbsp;</p>\r\n<p align="center"><img alt="" src="http://imgs.ccw.com.cn/resources/2008_10/2008_10_26/200810267161224986280845.jpg" /></p>\r\n<p>&nbsp;</p>\r\n<p class="newtext">&nbsp;</p>\r\n<p class="newtext">除此之外，T-Mobile G1的Google地图还能够与手机内置的电子罗盘同步化，这项业界首创的功能，让用户只要移动手中的手机，就能够以360度查看浏览目标位置。可惜的是，由于G1为T-Mobile独家推出，因此不会有行货的中文版本在国内问世。因此，从这个角度来说，如果一切顺利的话，那么联想的Android平台手机将成为真正意义上的第一款中文版Google手机。</p>', 'ecshop', '', '', 0, 1, 1224976755, '', 0, 'http://'),
(30, 10, '谷歌发布新版手机电邮软件Gmail 2.0', '<p><span style="font-size: small">据国外媒体报道，谷歌公司宣布公司已发布Gmail for Mobile 2.0，新的</span><a class="article" href="http://product.enet.com.cn/price/plist97.shtml" target="_blank"><span style="font-size: small">手机</span></a><span style="font-size: small">客户端电邮</span><a class="article" href="http://www.enet.com.cn/software/" target="_blank"><span style="font-size: small">软件</span></a><span style="font-size: small">支持J2ME设备，比如</span><a class="article" href="http://product.enet.com.cn/price/plist97_2318.shtml" target="_blank"><span style="font-size: small">诺基亚</span></a><span style="font-size: small">N95手机和黑莓手机。 <br />\r\n<br />\r\n　　谷歌技术人员称，从用户体验看，第二代移动版电邮软件速度更快，可靠性亦有所提高，而且不会出现中断现象。那些拥有多个谷歌Gmail账号的用户现在可以快速地来回切换，而不必用不同软件登录电邮。 <br />\r\n<br />\r\n　　Gmail for mobile 2.0还提供了在手机中储存多个电邮草稿的功能，并且为装备QWERTY</span><a class="article" href="http://product.enet.com.cn/price/plist8.shtml" target="_blank"><span style="font-size: small">键盘</span></a><span style="font-size: small">的手机用户提供了热键功能，比如&ldquo;Z&rdquo;健的恢复功能，&ldquo;K&rdquo;健的新对话功能和&ldquo;J&rdquo;健的查阅邮件功能</span></p>', 'ecshop', '', '', 0, 1, 1224977473, '', 0, 'http://'),
(31, 10, '通信展强机辈出 全球最新顶级尖端手机聚首', '<p>&nbsp;&nbsp;&nbsp;&nbsp;&nbsp;&nbsp; 通常来说手机都分为三大类，高端手机、中端手机以及低端手机，而其中更受消费者青睐的无疑是中端手机以及低端手机两大类，这其中的原因是因为高端手机虽然功能前卫，但价格比较昂贵，而作为消费者而言更倾向于更为划算实用的中低端手机，这也造成了高端手机的关注度比较低这样的现状。其实高端手机关注度低更多的就是因为消费者的消费水平目前比较低造成的，虽然高端手机中不乏明星机型，可以博得一定的关注度，但纯粹从销售的角度来看其销量却是不太理想的，所以高端手机也常常出现叫好不叫座的情况。</p>\r\n<p>&nbsp;</p>\r\n<p>　　&nbsp; 虽然高端手机对于厂商的销量增加作用不大，但由于可以从一个侧面展示自己的技术实力，所以也得到了很多厂商的重视，几乎每次新机发布会都会有高端新机出现。刚闭幕的08年北京国际通讯展上就出现了多款相当有技术含量的高端手机，下面就让笔者和大家一起来关注一下这些所谓的顶级手机各自拥有什么样的表现吧。</p>\r\n<p>&nbsp;</p>\r\n<p>　　&nbsp; 毫无疑问，HTC 目前在国内消费者心中的认知度还算不错，所推出的不少手机已经被很多商务用户奉为经典之作。目前在国内市场上风头正劲的Touch Diamond便是其中的代表之作，不过科技进步的步伐是永远不会停止的，当大部分消费者对Touch Diamond都还处于观望状态的时候，更强大、更出色的手机已经出现在大家的面前了，它就是HTC Touch HD，这款手机可以说是目前多普达阵营中最强的智能手机之一。</p>\r\n<p>&nbsp;</p>\r\n<p><img height="375" alt="" width="500" src="/images/upload/Image/1454465_081023_SJ_HD_01.jpg" /></p>\r\n<p>&nbsp;</p>\r\n<p>&nbsp;&nbsp;&nbsp;&nbsp;&nbsp;&nbsp; Touch HD采用了PPC手机比较常见的造型设计，而且在设计上采用了极简风格，更加适合办事干练的商务消费者选购。这款手机的屏幕表现让人有惊艳的感觉，首先其屏幕尺寸达到了3.8英寸，这是目前多普达智能手机中比较顶级的尺寸（少部分手机的屏幕尺寸能达到这样的水平），显示效果非常优秀；其次是该屏幕的分辨率达到了800&times;480像素，可以给使用者提供非常细腻的视觉享受。虽然该机是一款商务手机，但由于定位高端，所以在摄像头方面还是采用了目前商务手机中比较顶级的500万像素镜头，充分的展示了该机在功能搭配上的过人实力；该机的操作系统采用了Windows Mobile 6.1 Pro，这一操作系统是目前比较主流的操作系统，软件的支持率非常高，满足大家对商务娱乐的需求没有任何的问题；Touch HD的硬件搭配相当惊人，处理器达到了528MHz，内存则采用了288M/521M的搭配，已经达到了一台上网本所需要的配置，运行软件也显得非常的顺畅</p>\r\n<p>&nbsp;</p>\r\n<p><strong><font color="#ff0033">&nbsp; 编辑点评：</font></strong>不难看出这款手机在功能以及软硬件方面是针对高端手机用户的需求而进行设计的，所以几乎所有的功能表现都相当的到位，是一款比较出色的多媒体商务娱乐平台。该机在应用方面的表现是无懈可击的，而唯一让笔者比较担心的是该机的续航时间，因为该机的屏幕及处理器都是非常耗电的，而电池却只有1350毫安时，如果长时间使用相信对手机的续航是不小的挑战，想购买这款拥有出色性能的手机的朋友可要多考虑一下。</p>', 'ecshop', '', '', 0, 1, 1225043239, '', 0, 'http://'),
(32, 10, '全新运作与软件应用 G1上市动了谁的奶酪', '<p>&nbsp;&nbsp;&nbsp;&nbsp;没有iPhone发布时的全球玩家翘首期待，也没有绚丽夺目的发布会和媒体的火热追捧，首款Google的Android智能系统手机G1就这样展现在我们面前。当然，对于这款手机在此之前我们已经有了很多比较吻合的功能方面的猜想，而它不仅承载着Google在掌上终端设备系统领域当中的想法和期待，并且从Google自身的定位来看，Gphone的上市也开始了手机产品领域的一次重新洗牌，很多看似已经非常传统的概念，将有可能在未来逐渐被 Gphone所软化甚至改变。这绝非我们一厢情愿的空想，让我们从已经发布的G1说起。</p>\r\n<p>&nbsp;</p>\r\n<p><strong><font color="#ff0000">中规中矩 作为电话的本职工作已足够到位</font></strong></p>\r\n<p>&nbsp;</p>\r\n<p>　 无论怎样，G1首先是一部标准的手机产品，从设计和表现来看在电话的身份上G1的情况中规中矩。作为首款Google Android系统机型，在造型上它需要足够的诱人和独具特色，我国台湾的HTC宏达在今年的智能手机市场上呼风唤雨，这次在G1上HTC完美地运用了自己在QWERTY全键盘搭载和侧滑设计等方面的深厚积累和强大实力，并且还参考了摩托罗拉Z10的剃刀式弧度设计，将人体工程学的理念发挥得淋漓尽致，这将会在用户实际使用机器当中更多地表现出来。</p>\r\n<p><img height="335" alt="" width="500" src="/images/upload/Image/1430991_080925_sj_G1_02.jpg" /></p>\r\n<p style="text-align: center">首款谷歌手机HTC G1</p>\r\n<p style="text-align: center">&nbsp;</p>\r\n<p style="text-align: left">&nbsp;&nbsp;&nbsp;&nbsp;&nbsp;&nbsp;&nbsp;在配置方面，G1采用了一块近3.2英寸的显示屏，分辨率达到480&times;320像素，保证画面效果的精细，用户还可以在显示屏上直接进行触控操作，这在使用 Google的很多服务时可以更加的直观和简单。它拥有全面的网络制式支持，并配备了一颗300万像素自动对焦镜头以及GPS模块，保证出色的可玩性。此外它还具备蓝牙和Wi-Fi两种无线传输技术，对其强大的网络应用打下坚实的基础。</p>\r\n<p style="text-align: left">&nbsp;</p>\r\n<p style="text-align: left"><img alt="" src="/images/upload/Image/1430991_080925_sj_G1_01.jpg" /></p>\r\n<p style="text-align: center">G1采用了一块近3.2英寸的显示屏</p>\r\n<p style="text-align: center">&nbsp;</p>\r\n<p style="text-align: left">&nbsp;&nbsp;&nbsp;&nbsp;&nbsp;&nbsp;也恰恰是得益于HTC的功力，让这款具有里程碑意义的产品在配置和性能方面相当的成熟，甚至可以说为Google Android系统的整个发展都带来了一个很棒的开端。G1的屏幕触控和QWERTY全键盘两种操作方式可以让用户自行选择，在触控当中，除了 iPhone已有的拖拽操作之外，用户可以长压屏幕实现选项打开，也能够将功能图标拖拽到首页上形成快捷键，这也算得上是融合了目前市面上的大量特色操作。而功能方面，G1自然是为Google的各项功能的应用留出了足够的空间，除了Gmail、Gtalk之外，比如搜索功能，在单键语意搜索模式下用户只需要输入几个关键字，就能够直接进行本机和网络两方面的内容搜索；再比如浏览器模式，虽然G1并没有完全采用之前Google发布的Chrome浏览器，不过也为Webkit内核奠定了基础，在G1上有着极快的运行和响应速度，让用户的网络应用更加高效。</p>\r\n<p style="text-align: left">&nbsp;</p>\r\n<p style="text-align: left">　&nbsp;&nbsp;&nbsp;另外G1还有娱乐、地图以及和亚马逊合作的网上音乐商店功能，这是G1的特点，也是未来Google Android系统手机的共同功能。看起来，Google Android手机的起点比iPhone还高，而对于G1这首款机器，我们也确实不应该要求得过于苛刻。</p>', 'ecshop', '', '', 0, 1, 1225043590, '', 0, 'http://');

--
-- 导出表中的数据 `ecs_article_cat`
--

INSERT INTO `ecs_article_cat` (`cat_id`, `cat_name`, `cat_type`, `keywords`, `cat_desc`, `sort_order`, `show_in_nav`, `parent_id`) VALUES (4, '新手上路 ', 5, '新手上路 ', '新手上路 ', 1, 0, 3),
(5, '联系我们', 5, '联系我们', '联系我们', 5, 0, 3),
(6, '服务保证', 5, '服务保证', '服务保证', 4, 0, 3),
(7, '配送与支付 ', 5, '配送与支付 ', '配送与支付 ', 3, 0, 3),
(8, '会员中心', 5, '会员', '会员', 7, 0, 3),
(9, '手机常识', 5, '手机常识', '手机常识', 2, 0, 3),
(10, '手机资讯', 1, '最新手机文章', '最新手机文章', 1, 1, 0),
(11, '站内快讯', 1, '站内快讯', '站内快讯', 0, 0, 0);

--
-- `ecs_category`
--
INSERT INTO `ecs_category` (`cat_id`, `cat_name`, `keywords`, `cat_desc`, `parent_id`, `sort_order`, `template_file`, `measure_unit`, `show_in_nav`, `style`, `is_show`, `grade`, `filter_attr`) VALUES (1, '手机通讯', '', '', 0, 0, '', '台', 0, '', 1, 5, 179),
(2, 'GSM手机', '', '', 1, 1, '', '台', 1, '', 1, 5, 0),
(3, 'CDMA手机', '', '', 1, 2, '', '台', 1, '', 1, 5, 0),
(4, '双模手机', '', '', 1, 4, '', '台', 0, '', 1, 5, 0),
(5, '3G手机', '', '', 1, 3, '', '台', 1, '', 1, 5, 0),
(6, '手机充值', '', '', 0, 2, '', '', 0, '', 1, 5, 0),
(7, '移动手机充值卡', '', '', 6, 1, '', '', 0, '', 1, 5, 0),
(8, '联通手机充值卡', '', '', 6, 2, '', '', 0, '', 1, 5, 0),
(9, '小灵通/固话充值卡', '', '', 6, 3, '', '', 0, '', 1, 5, 0),
(10, '手机配件', '', '', 0, 1, '', '', 0, '', 1, 5, 0),
(11, '手机电池', '', '', 10, 0, '', '', 0, '', 1, 5, 0),
(12, '手机耳机', '', '', 10, 0, '', '', 0, '', 1, 5, 0),
(13, '手机充电器', '', '', 10, 4, '', '', 0, '', 1, 0, 0);

--
-- `ecs_goods`
--

INSERT INTO `ecs_goods`
(`goods_id`, `cat_id`, `goods_sn`, `goods_name`, `goods_name_style`, `click_count`, `brand_id`, `provider_name`, `goods_number`, `goods_weight`, `market_price`, `shop_price`, `promote_price`, `promote_start_date`, `promote_end_date`, `warn_number`, `keywords`, `goods_brief`, `goods_desc`, `goods_thumb`, `goods_img`, `original_img`, `is_real`, `extension_code`, `is_on_sale`, `is_alone_sale`, `integral`, `add_time`, `sort_order`, `is_delete`, `is_best`, `is_new`, `is_hot`, `is_promote`, `bonus_type_id`, `last_update`, `goods_type`, `seller_note`, `give_integral`, `rank_integral`) VALUES
(3, 7, 'ECS000003', '移动10元充值卡', '+', 12, 0, '', 0, 0.000, 10.79, 9.00, 0.00, 0, 0, 1, '', '', '<p><span style="font-size: xx-large"><strong>使用在线支付可以自动发货</strong></span></p>', 'images/200810/thumb_img/3_thumb_G_1225048690981.jpg', 'images/200810/goods_img/3_G_1225048690596.jpg', 'images/200810/source_img/3_G_1225048690954.jpg', 0, 'virtual_card', 1, 1, 9, 1224899223, 0, 0, 1, 1, 1, 0, 0, 1225072778, 1, '', -1, -1),
(30, 2, 'ECS000030', '恒基伟业G101', '+', 16, 11, '', 12, 0.000, 1185.60, 988.00, 0.00, 0, 0, 1, '2008年06月 GSM,900,1800,1900,2100 直板 1600万 240×320 像素 黑色', '', '<p>\r\n<table cellspacing="0" cellpadding="0" bordercolor="#cccccc" border="1" bgcolor="#ffffff" align="center" width="95%" bordercolorlight="#cccccc" bordercolordark="#ffffff">\r\n    <tbody>\r\n        <tr>\r\n            <td height="20" width="50%">\r\n            <table cellspacing="2" cellpadding="0" width="100%" class="title_txt_66">\r\n                <tbody>\r\n                    <tr>\r\n                        <td height="20" bgcolor="#f7f7f7" width="36%">\r\n                        <div align="center"><b>天线位置</b></div>\r\n                        </td>\r\n                        <td height="20" bgcolor="#ffffff" width="64%">内置&nbsp;</td>\r\n                    </tr>\r\n                </tbody>\r\n            </table>\r\n            </td>\r\n        </tr>\r\n        <tr>\r\n            <td height="20" width="50%">\r\n            <table cellspacing="2" cellpadding="0" width="100%" class="title_txt_66">\r\n                <tbody>\r\n                    <tr>\r\n                        <td height="20" bgcolor="#f7f7f7" width="36%">\r\n                        <div align="center"><b>主屏幕</b></div>\r\n                        </td>\r\n                        <td height="20" bgcolor="#ffffff" width="64%">65536色TFT显示屏,分辨率为240&times;320&nbsp;2.8英寸显示屏</td>\r\n                    </tr>\r\n                </tbody>\r\n            </table>\r\n            </td>\r\n        </tr>\r\n        <tr>\r\n            <td height="20" width="50%">\r\n            <table cellspacing="2" cellpadding="0" width="100%" class="title_txt_66">\r\n                <tbody>\r\n                    <tr>\r\n                        <td height="20" bgcolor="#f7f7f7" width="36%">\r\n                        <div align="center"><b>副屏幕</b></div>\r\n                        </td>\r\n                        <td height="20" bgcolor="#ffffff" width="64%">不支持&nbsp;</td>\r\n                    </tr>\r\n                </tbody>\r\n            </table>\r\n            </td>\r\n        </tr>\r\n        <tr>\r\n            <td height="20" width="50%">\r\n            <table cellspacing="2" cellpadding="0" width="100%" class="title_txt_66">\r\n                <tbody>\r\n                    <tr>\r\n                        <td height="20" bgcolor="#f7f7f7" width="36%">\r\n                        <div align="center"><b>通话记录</b></div>\r\n                        </td>\r\n                        <td height="20" bgcolor="#ffffff" width="64%">20条已接＋20条未接＋20条已拨&nbsp;</td>\r\n                    </tr>\r\n                </tbody>\r\n            </table>\r\n            </td>\r\n        </tr>\r\n        <tr>\r\n            <td height="20" width="50%">\r\n            <table cellspacing="2" cellpadding="0" width="100%" class="title_txt_66">\r\n                <tbody>\r\n                    <tr>\r\n                        <td height="20" bgcolor="#f7f7f7" width="36%">\r\n                        <div align="center"><b>和弦铃声</b></div>\r\n                        </td>\r\n                        <td height="20" bgcolor="#ffffff" width="64%">64和弦&nbsp;</td>\r\n                    </tr>\r\n                </tbody>\r\n            </table>\r\n            </td>\r\n        </tr>\r\n        <tr>\r\n            <td height="20" width="50%">\r\n            <table cellspacing="2" cellpadding="0" width="100%" class="title_txt_66">\r\n                <tbody>\r\n                    <tr>\r\n                        <td height="20" bgcolor="#f7f7f7" width="36%">\r\n                        <div align="center"><b>铃声格式</b></div>\r\n                        </td>\r\n                        <td height="20" bgcolor="#ffffff" width="64%">MIDI,MP3&nbsp;</td>\r\n                    </tr>\r\n                </tbody>\r\n            </table>\r\n            </td>\r\n        </tr>\r\n        <tr>\r\n            <td height="20" width="50%">\r\n            <table cellspacing="2" cellpadding="0" width="100%" class="title_txt_66">\r\n                <tbody>\r\n                    <tr>\r\n                        <td height="20" bgcolor="#f7f7f7" width="36%">\r\n                        <div align="center"><b>铃声下载</b></div>\r\n                        </td>\r\n                        <td height="20" bgcolor="#ffffff" width="64%">支持&nbsp; &nbsp;<a href="http://www.imobile.com.cn/wapdiyringlist2005.php?wpid=1" class="title_txt_pi">MID（MIDI格式）</a> &nbsp;<a href="http://www.imobile.com.cn/wapdiyringlist2005.php?wpid=9" class="title_txt_pi">MP3（MP3格式）</a></td>\r\n                    </tr>\r\n                </tbody>\r\n            </table>\r\n            </td>\r\n        </tr>\r\n        <tr>\r\n            <td height="20" width="50%">\r\n            <table cellspacing="2" cellpadding="0" width="100%" class="title_txt_66">\r\n                <tbody>\r\n                    <tr>\r\n                        <td height="20" bgcolor="#f7f7f7" width="36%">\r\n                        <div align="center"><b>图片下载</b></div>\r\n                        </td>\r\n                        <td height="20" bgcolor="#ffffff" width="64%">支持&nbsp; &nbsp;<a href="http://www.imobile.com.cn/wapdiylogolist2005.php?wpid=1237" class="title_txt_pi">240&times;320</a></td>\r\n                    </tr>\r\n                </tbody>\r\n            </table>\r\n            </td>\r\n        </tr>\r\n        <tr>\r\n            <td height="20" width="50%">\r\n            <table cellspacing="2" cellpadding="0" width="100%" class="title_txt_66">\r\n                <tbody>\r\n                    <tr>\r\n                        <td height="20" bgcolor="#f7f7f7" width="36%">\r\n                        <div align="center"><b>图形菜单</b></div>\r\n                        </td>\r\n                        <td height="20" bgcolor="#ffffff" width="64%">支持&nbsp;</td>\r\n                    </tr>\r\n                </tbody>\r\n            </table>\r\n            </td>\r\n        </tr>\r\n        <tr>\r\n            <td height="20" width="50%">\r\n            <table cellspacing="2" cellpadding="0" width="100%" class="title_txt_66">\r\n                <tbody>\r\n                    <tr>\r\n                        <td height="20" bgcolor="#f7f7f7" width="36%">\r\n                        <div align="center"><b>STK 服务</b></div>\r\n                        </td>\r\n                        <td height="20" bgcolor="#ffffff" width="64%">支持&nbsp;</td>\r\n                    </tr>\r\n                </tbody>\r\n            </table>\r\n            </td>\r\n        </tr>\r\n        <tr>\r\n            <td height="20" width="50%">\r\n            <table cellspacing="2" cellpadding="0" width="100%" class="title_txt_66">\r\n                <tbody>\r\n                    <tr>\r\n                        <td height="20" bgcolor="#f7f7f7" width="36%">\r\n                        <div align="center"><b>EFR 服务</b></div>\r\n                        </td>\r\n                        <td height="20" bgcolor="#ffffff" width="64%">支持&nbsp;</td>\r\n                    </tr>\r\n                </tbody>\r\n            </table>\r\n            </td>\r\n        </tr>\r\n        <tr>\r\n            <td height="20" width="50%">\r\n            <table cellspacing="2" cellpadding="0" width="100%" class="title_txt_66">\r\n                <tbody>\r\n                    <tr>\r\n                        <td height="20" bgcolor="#f7f7f7" width="36%">\r\n                        <div align="center"><b>免提通话</b></div>\r\n                        </td>\r\n                        <td height="20" bgcolor="#ffffff" width="64%">支持&nbsp;</td>\r\n                    </tr>\r\n                </tbody>\r\n            </table>\r\n            </td>\r\n        </tr>\r\n        <tr>\r\n            <td height="20" width="50%">\r\n            <table cellspacing="2" cellpadding="0" width="100%" class="title_txt_66">\r\n                <tbody>\r\n                    <tr>\r\n                        <td height="20" bgcolor="#f7f7f7" width="36%">\r\n                        <div align="center"><b>振动</b></div>\r\n                        </td>\r\n                        <td height="20" bgcolor="#ffffff" width="64%">支持&nbsp;</td>\r\n                    </tr>\r\n                </tbody>\r\n            </table>\r\n            </td>\r\n        </tr>\r\n        <tr>\r\n            <td height="20" width="50%">\r\n            <table cellspacing="2" cellpadding="0" width="100%" class="title_txt_66">\r\n                <tbody>\r\n                    <tr>\r\n                        <td height="20" bgcolor="#f7f7f7" width="36%">\r\n                        <div align="center"><b>记事录音</b></div>\r\n                        </td>\r\n                        <td height="20" bgcolor="#ffffff" width="64%">支持&nbsp;</td>\r\n                    </tr>\r\n                </tbody>\r\n            </table>\r\n            </td>\r\n        </tr>\r\n        <tr>\r\n            <td height="20" width="50%">\r\n            <table cellspacing="2" cellpadding="0" width="100%" class="title_txt_66">\r\n                <tbody>\r\n                    <tr>\r\n                        <td height="20" bgcolor="#f7f7f7" width="36%">\r\n                        <div align="center"><b>通话时间提示</b></div>\r\n                        </td>\r\n                        <td height="20" bgcolor="#ffffff" width="64%">支持&nbsp;</td>\r\n                    </tr>\r\n                </tbody>\r\n            </table>\r\n            </td>\r\n        </tr>\r\n        <tr>\r\n            <td height="20" width="50%">\r\n            <table cellspacing="2" cellpadding="0" width="100%" class="title_txt_66">\r\n                <tbody>\r\n                    <tr>\r\n                        <td height="20" bgcolor="#f7f7f7" width="36%">\r\n                        <div align="center"><b>话机电话薄（条）</b></div>\r\n                        </td>\r\n                        <td height="20" bgcolor="#ffffff" width="64%">300&nbsp;</td>\r\n                    </tr>\r\n                </tbody>\r\n            </table>\r\n            </td>\r\n        </tr>\r\n        <tr>\r\n            <td height="20" width="50%">\r\n            <table cellspacing="2" cellpadding="0" width="100%" class="title_txt_66">\r\n                <tbody>\r\n                    <tr>\r\n                        <td height="20" bgcolor="#f7f7f7" width="36%">\r\n                        <div align="center"><b>中文输入法</b></div>\r\n                        </td>\r\n                        <td height="20" bgcolor="#ffffff" width="64%">支持&nbsp;</td>\r\n                    </tr>\r\n                </tbody>\r\n            </table>\r\n            </td>\r\n        </tr>\r\n        <tr>\r\n            <td height="20" width="50%">\r\n            <table cellspacing="2" cellpadding="0" width="100%" class="title_txt_66">\r\n                <tbody>\r\n                    <tr>\r\n                        <td height="20" bgcolor="#f7f7f7" width="36%">\r\n                        <div align="center"><b>中文短消息</b></div>\r\n                        </td>\r\n                        <td height="20" bgcolor="#ffffff" width="64%">SMS,EMS,MMS,超长信息发送,短消息群发&nbsp;</td>\r\n                    </tr>\r\n                </tbody>\r\n            </table>\r\n            </td>\r\n        </tr>\r\n        <tr>\r\n            <td height="20" width="50%">\r\n            <table cellspacing="2" cellpadding="0" width="100%" class="title_txt_66">\r\n                <tbody>\r\n                    <tr>\r\n                        <td height="20" bgcolor="#f7f7f7" width="36%">\r\n                        <div align="center"><b>情景模式</b></div>\r\n                        </td>\r\n                        <td height="20" bgcolor="#ffffff" width="64%">支持&nbsp;</td>\r\n                    </tr>\r\n                </tbody>\r\n            </table>\r\n            </td>\r\n        </tr>\r\n        <tr>\r\n            <td height="20" width="50%">\r\n            <table cellspacing="2" cellpadding="0" width="100%" class="title_txt_66">\r\n                <tbody>\r\n                    <tr>\r\n                        <td height="20" bgcolor="#f7f7f7" width="36%">\r\n                        <div align="center"><b>外观样式</b></div>\r\n                        </td>\r\n                        <td height="20" bgcolor="#ffffff" width="64%">直板&nbsp;</td>\r\n                    </tr>\r\n                </tbody>\r\n            </table>\r\n            </td>\r\n        </tr>\r\n    </tbody>\r\n</table>\r\n</p>', 'images/200810/thumb_img/30_thumb_G_1225055875528.jpg', 'images/200810/goods_img/30_G_1225055875992.jpg', 'images/200810/source_img/30_G_1225055875506.gif', 1, '', 1, 1, 988, 1225055875, 0, 0, 1, 1, 1, 0, 0, 1225072694, 9, '', -1, -1),
(15, 7, 'ECS000015', '移动20元充值卡', '+', 1, 0, '', 0, 0.000, 22.20, 18.50, 0.00, 0, 0, 1, '', '', '<p>&nbsp;</p>\r\n<p>&nbsp;</p>\r\n<p>&nbsp;</p>\r\n<p><strong><font face="黑体" color="#ff0000" size="4">特别提示:因为系统限制,同个号码,同个金额一天内只可冲1次.</font></strong></p>\r\n<p><font face="新宋体" color="#996600" size="3" style="background-color: rgb(255,255,255)">1.购买前请询问是否有货</font><font face="新宋体" color="#996600" size="3" style="background-color: rgb(255,255,255)">。</font></p>\r\n<p><font face="新宋体" color="#996600" size="3" style="background-color: rgb(255,255,255)">2.冲值速度:闲时1分钟,忙时11分钟.<strong><font face="宋体" color="#ff0000" size="4">（特殊情况例外，如停电，充值平台系统维护等）</font></strong></font></p>\r\n<p><font color="#996600" size="3" style="background-color: rgb(255,255,255)">3<font face="新宋体">.</font>适合所有所有地区，移动号码段，所有套餐</font></p>\r\n<p><font color="#996600" style="background-color: rgb(255,255,255)"><font size="3">4<font face="新宋体">.</font>买家请确认号码正确。<strong><font color="#3333ff">付款即冲,</font></strong></font></font><font face="隶书" size="3"><font face="黑体" color="#3333ff" size="4"><strong>号码一律以收货地址栏上号码为准(系统自动截取前11位号码,不足10位,自动加0,请不要多写或少写号码)，否则充错的话，责任自负。拍下后15分钟内没有冲上，请联系我查询，谢谢配合！</strong></font></font></p>\r\n<p><font style="background-color: rgb(255,255,255)"><font color="#996600" size="3" style="background-color: rgb(255,255,255)">5<font face="新宋体">.</font>欠费手机请确认欠费额，以免万一充值后话费还不够，不能正常开机，造成不必要的误会。</font></font></p>\r\n<p><font style="background-color: rgb(255,255,255)"><font size="3"><font color="#996600"><font face="新宋体"><font face="宋体">6</font>.十</font>分钟内未收到话费到帐信息请拔打10086查询。注明：一般为提交后10分钟左右，但不排除个别号码出现延迟到帐现象，因实际到帐时间每天有所不同，最终到帐时间以系统为准。充值提交后在未提示充值失败前不可以退款，不接受者请勿下手。</font></font></font></p>\r\n<p><font face="新宋体"><font style="background-color: rgb(255,255,255)"><font color="#996600"><font face="新宋体"><font size="3"><font face="宋体">7</font>.<strong><font face="宋体" color="#000000" size="4">本商品为电子虚拟商品，</font></strong>无卡无密码，由店主代理提交充值平台系统后，一般会收到短信通知。</font></font></font></font></font></p>\r\n<p><strong><font face="宋体" size="4">充值后系统（10658636或者10658638或者10086）会发一条短消息给你确认。您也可通过查询热线13800XYZ506或发短消息11至10086进行余额查询、确认。(XYZ对应你开户地的区号）</font></strong></p>', 'images/200810/thumb_img/15_thumb_G_1225048506093.jpg', 'images/200810/goods_img/15_G_1225048506711.jpg', 'images/200810/source_img/15_G_1225048506739.jpg', 0, 'virtual_card', 1, 1, 19, 1225045110, 0, 0, 1, 1, 1, 0, 0, 1225072778, 1, '', -1, -1),
(16, 7, 'ECS000016', '移动50元充值卡', '+', 1, 0, '', 0, 0.000, 57.00, 47.50, 0.00, 0, 0, 1, '', '', '', 'images/200810/thumb_img/16_thumb_G_1225048193307.jpg', 'images/200810/goods_img/16_G_1225048193234.jpg', 'images/200810/source_img/16_G_1225048193626.jpg', 0, 'virtual_card', 1, 1, 48, 1225046276, 0, 0, 1, 1, 1, 0, 0, 1225072778, 1, '', -1, -1),
(17, 7, 'ECS000017', '移动100元充值卡', '+', 4, 0, '', 0, 0.000, 0.00, 100.00, 0.00, 0, 0, 1, '', '', '<p>&nbsp;</p>\r\n<p>&nbsp;</p>\r\n<p><span style="font-size: xx-large"><strong><font size="6">使用在线支付可以自动发货</font></strong></span></p>', 'images/200810/thumb_img/17_thumb_G_1225048178012.jpg', 'images/200810/goods_img/17_G_1225048178641.jpg', 'images/200810/source_img/17_G_1225048178389.jpg', 0, 'virtual_card', 1, 1, 0, 1225046386, 0, 0, 1, 1, 1, 0, 0, 1225072778, 1, '', -1, -1),
(18, 8, 'ECS000018', '联通10元充值卡', '+', 6, 0, '', 0, 0.000, 10.79, 9.00, 0.00, 0, 0, 1, '', '', '<p>&nbsp;</p>\r\n<p><span style="font-size: medium"><font color="#000000">使用范围：全国联通公司开户的所有号码。（桌面通、公用电话除外）</font></span></p>\r\n<p><span style="font-size: medium"><font color="#000000">包括(130、131、132、133、153、156）如意通、如意133、UP新势力、CDMA无线上网卡等。</font></span></p>\r\n<p>&nbsp;</p>\r\n<p><span style="color: #ff0000"><span style="font-size: medium">本宝贝为卡密型，使用在线支付<strong>可以自动发货</strong></span></span></p>\r\n<p>&nbsp;</p>\r\n<p><span style="font-size: medium"><font color="#0000cc"><font color="#000066">充值成功后有联通公司的短信提示</font></font></span></p>\r\n<p><span style="font-size: medium"><font color="#000066">主动查询热线10011进行余额查询、确认。</font></span></p>\r\n<p><span style="font-size: medium"><font color="#000066">联通公司客服电话：10010</font></span></p>\r\n<p>&nbsp;</p>', 'images/200810/thumb_img/18_thumb_G_1225049339689.jpg', 'images/200810/goods_img/18_G_1225049339129.jpg', 'images/200810/source_img/18_G_1225049339587.jpg', 0, 'virtual_card', 1, 1, 9, 1225049339, 0, 0, 1, 1, 1, 0, 0, 1225072778, 1, '', -1, -1),
(19, 8, 'ECS000019', '联通20元充值卡', '+', 0, 0, '', 0, 0.000, 141.60, 118.00, 0.00, 0, 0, 1, '', '', '<p><span style="font-size: medium"><font color="#000000">使用范围：全国联通公司开户的所有号码。（桌面通、公用电话除外）</font></span></p>\r\n<p><span style="font-size: medium"><font color="#000000">包括(130、131、132、133、153、156）如意通、如意133、UP新势力、CDMA无线上网卡等。</font></span></p>\r\n<p>&nbsp;</p>\r\n<p><span style="color: #ff0000"><span style="font-size: medium">本宝贝为卡密型，使用在线支付<strong>可以自动发货</strong></span></span></p>\r\n<p>&nbsp;</p>\r\n<p><span style="font-size: medium"><font color="#0000cc"><font color="#000066">充值成功后有联通公司的短信提示</font></font></span></p>\r\n<p><span style="font-size: medium"><font color="#000066">主动查询热线10011进行余额查询、确认。</font></span></p>\r\n<p><span style="font-size: medium"><font color="#000066">联通公司客服电话：10010</font></span></p>', 'images/200810/thumb_img/19_thumb_G_1225049490632.jpg', 'images/200810/goods_img/19_G_1225049490099.jpg', 'images/200810/source_img/19_G_1225049490105.jpg', 0, 'virtual_card', 1, 1, 118, 1225049490, 0, 0, 1, 1, 1, 0, 0, 1225072778, 1, '', -1, -1),
(20, 8, 'ECS000020', '联通50元充值卡', '+', 0, 0, '', 0, 0.000, 57.59, 48.00, 0.00, 0, 0, 1, '', '', '<p><span style="font-size: medium"><font color="#000000">使用范围：全国联通公司开户的所有号码。（桌面通、公用电话除外）</font></span></p>\r\n<p><span style="font-size: medium"><font color="#000000">包括(130、131、132、133、153、156）如意通、如意133、UP新势力、CDMA无线上网卡等。</font></span></p>\r\n<p>&nbsp;</p>\r\n<p><span style="color: #ff0000"><span style="font-size: medium">本宝贝为卡密型，使用在线支付<strong>可以自动发货</strong></span></span></p>\r\n<p>&nbsp;</p>\r\n<p><span style="font-size: medium"><font color="#0000cc"><font color="#000066">充值成功后有联通公司的短信提示</font></font></span></p>\r\n<p><span style="font-size: medium"><font color="#000066">主动查询热线10011进行余额查询、确认。</font></span></p>\r\n<p><span style="font-size: medium"><font color="#000066">联通公司客服电话：10010</font></span></p>', 'images/200810/thumb_img/20_thumb_G_1225049524313.jpg', 'images/200810/goods_img/20_G_1225049524821.jpg', 'images/200810/source_img/20_G_1225049524030.jpg', 0, 'virtual_card', 1, 1, 48, 1225049524, 0, 0, 1, 1, 1, 0, 0, 1225072778, 1, '', -1, -1),
(21, 8, 'ECS000021', '联通100元充值卡', '+', 2, 0, '', 0, 0.000, 114.00, 95.00, 0.00, 0, 0, 1, '', '', '<p><span style="font-size: medium"><font color="#000000">使用范围：全国联通公司开户的所有号码。（桌面通、公用电话除外）</font></span></p>\r\n<p><span style="font-size: medium"><font color="#000000">包括(130、131、132、133、153、156）如意通、如意133、UP新势力、CDMA无线上网卡等。</font></span></p>\r\n<p>&nbsp;</p>\r\n<p><span style="color: #ff0000"><span style="font-size: medium">本宝贝为卡密型，使用在线支付<strong>可以自动发货</strong></span></span></p>\r\n<p>&nbsp;</p>\r\n<p><span style="font-size: medium"><font color="#0000cc"><font color="#000066">充值成功后有联通公司的短信提示</font></font></span></p>\r\n<p><span style="font-size: medium"><font color="#000066">主动查询热线10011进行余额查询、确认。</font></span></p>\r\n<p><span style="font-size: medium"><font color="#000066">联通公司客服电话：10010</font></span></p>', 'images/200810/thumb_img/21_thumb_G_1225049555492.jpg', 'images/200810/goods_img/21_G_1225049555836.jpg', 'images/200810/source_img/21_G_1225049555356.jpg', 0, 'virtual_card', 1, 1, 95, 1225049555, 0, 0, 1, 1, 1, 0, 0, 1225072778, 1, '', -1, -1),
(22, 8, 'ECS000022', '联通500元充值卡', '+', 0, 0, '', 0, 0.000, 576.00, 480.00, 0.00, 0, 0, 1, '', '', '<p><span style="font-size: medium"><font color="#000000">使用范围：全国联通公司开户的所有号码。（桌面通、公用电话除外）</font></span></p>\r\n<p><span style="font-size: medium"><font color="#000000">包括(130、131、132、133、153、156）如意通、如意133、UP新势力、CDMA无线上网卡等。</font></span></p>\r\n<p>&nbsp;</p>\r\n<p><span style="color: #ff0000"><span style="font-size: medium">本宝贝为卡密型，使用在线支付<strong>可以自动发货</strong></span></span></p>\r\n<p>&nbsp;</p>\r\n<p><span style="font-size: medium"><font color="#0000cc"><font color="#000066">充值成功后有联通公司的短信提示</font></font></span></p>\r\n<p><span style="font-size: medium"><font color="#000066">主动查询热线10011进行余额查询、确认。</font></span></p>\r\n<p><span style="font-size: medium"><font color="#000066">联通公司客服电话：10010</font></span></p>', 'images/200810/thumb_img/22_thumb_G_1225049747379.jpg', 'images/200810/goods_img/22_G_1225049747088.jpg', 'images/200810/source_img/22_G_1225049747968.jpg', 0, 'virtual_card', 1, 1, 480, 1225049747, 0, 0, 1, 1, 1, 0, 0, 1225072778, 1, '', -1, -1),
(23, 9, 'ECS000023', '小灵通/固话10元充值卡', '+', 0, 0, '', 2, 0.000, 10.79, 9.00, 0.00, 0, 0, 1, '', '', '', 'images/200810/thumb_img/23_thumb_G_1225050235582.jpg', 'images/200810/goods_img/23_G_1225050235943.jpg', 'images/200810/source_img/23_G_1225050235392.jpg', 0, 'virtual_card', 1, 1, 9, 1225050235, 0, 0, 1, 1, 1, 0, 0, 1225072778, 1, '', -1, -1),
(24, 9, 'ECS000024', '小灵通/固话20元充值卡', '+', 3, 0, '', 2, 0.000, 21.59, 18.00, 0.00, 0, 0, 1, '', '', '', 'images/200810/thumb_img/24_thumb_G_1225050262879.jpg', 'images/200810/goods_img/24_G_1225050262928.jpg', 'images/200810/source_img/24_G_1225050262515.jpg', 0, 'virtual_card', 1, 1, 18, 1225050262, 0, 0, 1, 1, 1, 0, 0, 1225072786, 1, '', -1, -1),
(25, 9, 'ECS000025', '小灵通/固话50元充值卡', '+', 0, 0, '', 2, 0.000, 57.59, 48.00, 0.00, 0, 0, 1, '', '', '', 'images/200810/thumb_img/25_thumb_G_1225050295144.jpg', 'images/200810/goods_img/25_G_1225050295786.jpg', 'images/200810/source_img/25_G_1225050295909.jpg', 0, 'virtual_card', 1, 1, 48, 1225050295, 0, 0, 1, 1, 1, 0, 0, 1225072786, 1, '', -1, -1),
(26, 2, 'ECS000026', '诺基亚5320 XpressMusic', '+', 17, 1, '', 10, 0.090, 2106.00, 1755.00, 0.00, 0, 0, 1, '2008年07月 GSM,850,900,1800,1900 直板 1600万 240×320 像素 是 黑色 黑红 黑蓝', '', '<p>诺基亚5320XpressMusic音乐手机采用XpressMusic系列常见的黑红、黑蓝配色方案，而材质方便则选用的是经过<strong><font color="#ff0000" size="3">抛光处理</font></strong>的工程塑料；三围/体重为，为108&times;46&times;15mm/<strong><font color="#ff0000" size="3">90g</font></strong>，手感舒适。</p>\r\n<p>&nbsp;</p>\r\n<p>作为一款音乐手机，诺基亚5320采用带诺基亚声控播放应用程序的音乐播放器，<strong><font color="#ff0000" size="3">专用音频芯片</font></strong>，还可以通过 HSDPA 和 USB 2.0 快速、方便地下载音乐。5320手机正面右上角是<strong><font color="#ff0000" size="3">特设的语音选曲按键</font></strong>，按住这个按键，说出歌曲的名字就可以播放了，呵呵，很有趣哦！</p>\r\n<p>&nbsp;</p>\r\n<p>诺基亚5320还设有<font color="#ff0000" size="3"><strong>N-Gage 游戏</strong></font>专用键，经过优化的八方向 Navi&trade; 多媒体导航键，让游戏更加得心应手。</p>\r\n<p>&nbsp;</p>\r\n<p>性能方面，诺基亚5320搭载了<strong><font color="#ff0000" size="3">Symbian 9.3操作系统和S60 v3.2平台</font></strong>。支持Java&trade; 移动信息设备模式 2.1 和 POP3、IMP4 和 SMTP 邮件协议。手机自带140MB内存，并<strong><font color="#ff0000" size="3">支持高达8GB microSD扩展卡</font></strong>。</p>\r\n<p>&nbsp;</p>\r\n<p>&nbsp;</p>', 'images/200810/thumb_img/26_thumb_G_1225050324457.jpg', 'images/200810/goods_img/26_G_1225050324780.jpg', 'images/200810/source_img/26_G_1225050324196.jpg', 1, '', 1, 1, 1755, 1225050324, 0, 0, 1, 1, 0, 0, 0, 1225070526, 9, '', -1, -1),
(27, 9, 'ECS000027', '小灵通/固话100元充值卡', '+', 2, 0, '', 2, 0.000, 115.19, 96.00, 0.00, 0, 0, 1, '', '', '', 'images/200810/thumb_img/27_thumb_G_1225050328206.jpg', 'images/200810/goods_img/27_G_1225050328497.jpg', 'images/200810/source_img/27_G_1225050328229.jpg', 0, 'virtual_card', 1, 1, 96, 1225050328, 0, 0, 1, 1, 1, 0, 0, 1225072785, 1, '', -1, -1),
(28, 2, 'ECS000028', '诺基亚5610 XpressMusic', '+', 11, 1, '', 9, 0.111, 2262.00, 1885.00, 0.00, 0, 0, 1, '2007年12月 GSM,850,900,1800,1900 滑盖 1600万 240×320 像素 支持 黑红 黑蓝', '', '<p>诺基亚5610XM由于面向年轻与运动，在配色上采用了碳纤灰色搭配红色以及黑色搭配蓝色两款。尺寸98.5&times;48.5&times;17mm的5610XM重量为111克，适中的尺寸与厚度<strong removechild="function MyRC(arg1){var self = this;if (self.removeAttribute)self.removeAttribute(&quot;removeChild&quot;);var result = self[&quot;removeChild&quot;](arg1);self[&quot;removeChild&quot;] = arguments.callee; /*Finally restore the Override Function*/if(arg1.clearAttributes)arg1.clearAttributes();if(arg1.onclick)arg1.onclick=null;if(arg1.onmousemove)arg1.onmousemove=null;if(arg1.onmouseover)arg1.onmouseover=null;if(arg1.ondblclick)arg1.ondblclick=null;if(arg1.onmouseenter)arg1.onmouseenter=null;if(arg1.onmouseleave)arg1.onmouseleave=null;return result;}"><font color="#ff0000" size="3" removechild="function MyRC(arg1){var self = this;if (self.removeAttribute)self.removeAttribute(&quot;removeChild&quot;);var result = self[&quot;removeChild&quot;](arg1);self[&quot;removeChild&quot;] = arguments.callee; /*Finally restore the Override Function*/if(arg1.clearAttributes)arg1.clearAttributes();if(arg1.onclick)arg1.onclick=null;if(arg1.onmousemove)arg1.onmousemove=null;if(arg1.onmouseover)arg1.onmouseover=null;if(arg1.ondblclick)arg1.ondblclick=null;if(arg1.onmouseenter)arg1.onmouseenter=null;if(arg1.onmouseleave)arg1.onmouseleave=null;return result;}">适合大多数男女青年</font></strong>。诺基亚5610XM机身大部分采用仿碳纤材质设计，这样的处理不仅使得手机表面的耐磨性提高，而且也增强手机的运动气息。机身正面<strong removechild="function MyRC(arg1){var self = this;if (self.removeAttribute)self.removeAttribute(&quot;removeChild&quot;);var result = self[&quot;removeChild&quot;](arg1);self[&quot;removeChild&quot;] = arguments.callee; /*Finally restore the Override Function*/if(arg1.clearAttributes)arg1.clearAttributes();if(arg1.onclick)arg1.onclick=null;if(arg1.onmousemove)arg1.onmousemove=null;if(arg1.onmouseover)arg1.onmouseover=null;if(arg1.ondblclick)arg1.ondblclick=null;if(arg1.onmouseenter)arg1.onmouseenter=null;if(arg1.onmouseleave)arg1.onmouseleave=null;return result;}"><font color="#ff0000" size="3" removechild="function MyRC(arg1){var self = this;if (self.removeAttribute)self.removeAttribute(&quot;removeChild&quot;);var result = self[&quot;removeChild&quot;](arg1);self[&quot;removeChild&quot;] = arguments.callee; /*Finally restore the Override Function*/if(arg1.clearAttributes)arg1.clearAttributes();if(arg1.onclick)arg1.onclick=null;if(arg1.onmousemove)arg1.onmousemove=null;if(arg1.onmouseover)arg1.onmouseover=null;if(arg1.ondblclick)arg1.ondblclick=null;if(arg1.onmouseenter)arg1.onmouseenter=null;if(arg1.onmouseleave)arg1.onmouseleave=null;return result;}">采用镜面设计</font></strong>，屏幕上方分别是NOKIA商标以及XpressMusic系列标志，屏幕下方为一个双向滑动键、左右软件，拨号挂机键以及导航键，在音乐播放器开启时，前面板的按键便可以作为音乐控制器来使用。</p>\r\n<p>&nbsp;</p>\r\n<p>诺基亚5610XM采用了2.2英寸TFT屏幕，不大的屏幕尺寸，分辨率却达到了240&times;320像素的QVGA级别，色彩度也是时下最强大的<strong removechild="function MyRC(arg1){var self = this;if (self.removeAttribute)self.removeAttribute(&quot;removeChild&quot;);var result = self[&quot;removeChild&quot;](arg1);self[&quot;removeChild&quot;] = arguments.callee; /*Finally restore the Override Function*/if(arg1.clearAttributes)arg1.clearAttributes();if(arg1.onclick)arg1.onclick=null;if(arg1.onmousemove)arg1.onmousemove=null;if(arg1.onmouseover)arg1.onmouseover=null;if(arg1.ondblclick)arg1.ondblclick=null;if(arg1.onmouseenter)arg1.onmouseenter=null;if(arg1.onmouseleave)arg1.onmouseleave=null;return result;}"><font color="#ff0000" size="3" removechild="function MyRC(arg1){var self = this;if (self.removeAttribute)self.removeAttribute(&quot;removeChild&quot;);var result = self[&quot;removeChild&quot;](arg1);self[&quot;removeChild&quot;] = arguments.callee; /*Finally restore the Override Function*/if(arg1.clearAttributes)arg1.clearAttributes();if(arg1.onclick)arg1.onclick=null;if(arg1.onmousemove)arg1.onmousemove=null;if(arg1.onmouseover)arg1.onmouseover=null;if(arg1.ondblclick)arg1.ondblclick=null;if(arg1.onmouseenter)arg1.onmouseenter=null;if(arg1.onmouseleave)arg1.onmouseleave=null;return result;}">1600万色</font></strong>，如此的高配置似的5610XM的屏幕细腻鲜亮。诺基亚5610XM的背面简单明了，大面积仿碳纤维面板覆盖整个机身背面，双点闪光灯连接<strong removechild="function MyRC(arg1){var self = this;if (self.removeAttribute)self.removeAttribute(&quot;removeChild&quot;);var result = self[&quot;removeChild&quot;](arg1);self[&quot;removeChild&quot;] = arguments.callee; /*Finally restore the Override Function*/if(arg1.clearAttributes)arg1.clearAttributes();if(arg1.onclick)arg1.onclick=null;if(arg1.onmousemove)arg1.onmousemove=null;if(arg1.onmouseover)arg1.onmouseover=null;if(arg1.ondblclick)arg1.ondblclick=null;if(arg1.onmouseenter)arg1.onmouseenter=null;if(arg1.onmouseleave)arg1.onmouseleave=null;return result;}"><font color="#ff0000" size="3" removechild="function MyRC(arg1){var self = this;if (self.removeAttribute)self.removeAttribute(&quot;removeChild&quot;);var result = self[&quot;removeChild&quot;](arg1);self[&quot;removeChild&quot;] = arguments.callee; /*Finally restore the Override Function*/if(arg1.clearAttributes)arg1.clearAttributes();if(arg1.onclick)arg1.onclick=null;if(arg1.onmousemove)arg1.onmousemove=null;if(arg1.onmouseover)arg1.onmouseover=null;if(arg1.ondblclick)arg1.ondblclick=null;if(arg1.onmouseenter)arg1.onmouseenter=null;if(arg1.onmouseleave)arg1.onmouseleave=null;return result;}">320万自动对焦摄像头</font></strong>，形状很像一个机器人造型，反红的NOKIA标识点缀了素色的机身。一枚小巧甚至说不太起眼的扬声器，真让人难以看出这是一款主打音乐的娱乐机型。</p>\r\n<p>&nbsp;</p>\r\n<p>作为一款音乐手机，诺基亚5610XM不仅为用户提供音乐播放功能而已，同时其还采用了<strong removechild="function MyRC(arg1){var self = this;if (self.removeAttribute)self.removeAttribute(&quot;removeChild&quot;);var result = self[&quot;removeChild&quot;](arg1);self[&quot;removeChild&quot;] = arguments.callee; /*Finally restore the Override Function*/if(arg1.clearAttributes)arg1.clearAttributes();if(arg1.onclick)arg1.onclick=null;if(arg1.onmousemove)arg1.onmousemove=null;if(arg1.onmouseover)arg1.onmouseover=null;if(arg1.ondblclick)arg1.ondblclick=null;if(arg1.onmouseenter)arg1.onmouseenter=null;if(arg1.onmouseleave)arg1.onmouseleave=null;return result;}"><font color="#ff0000" size="3" removechild="function MyRC(arg1){var self = this;if (self.removeAttribute)self.removeAttribute(&quot;removeChild&quot;);var result = self[&quot;removeChild&quot;](arg1);self[&quot;removeChild&quot;] = arguments.callee; /*Finally restore the Override Function*/if(arg1.clearAttributes)arg1.clearAttributes();if(arg1.onclick)arg1.onclick=null;if(arg1.onmousemove)arg1.onmousemove=null;if(arg1.onmouseover)arg1.onmouseover=null;if(arg1.ondblclick)arg1.ondblclick=null;if(arg1.onmouseenter)arg1.onmouseenter=null;if(arg1.onmouseleave)arg1.onmouseleave=null;return result;}">专业的音频芯片</font></strong>使音乐效果在同级别音乐手机中优秀不少，创新的<strong removechild="function MyRC(arg1){var self = this;if (self.removeAttribute)self.removeAttribute(&quot;removeChild&quot;);var result = self[&quot;removeChild&quot;](arg1);self[&quot;removeChild&quot;] = arguments.callee; /*Finally restore the Override Function*/if(arg1.clearAttributes)arg1.clearAttributes();if(arg1.onclick)arg1.onclick=null;if(arg1.onmousemove)arg1.onmousemove=null;if(arg1.onmouseover)arg1.onmouseover=null;if(arg1.ondblclick)arg1.ondblclick=null;if(arg1.onmouseenter)arg1.onmouseenter=null;if(arg1.onmouseleave)arg1.onmouseleave=null;return result;}"><font color="#ff0000" size="3" removechild="function MyRC(arg1){var self = this;if (self.removeAttribute)self.removeAttribute(&quot;removeChild&quot;);var result = self[&quot;removeChild&quot;](arg1);self[&quot;removeChild&quot;] = arguments.callee; /*Finally restore the Override Function*/if(arg1.clearAttributes)arg1.clearAttributes();if(arg1.onclick)arg1.onclick=null;if(arg1.onmousemove)arg1.onmousemove=null;if(arg1.onmouseover)arg1.onmouseover=null;if(arg1.ondblclick)arg1.ondblclick=null;if(arg1.onmouseenter)arg1.onmouseenter=null;if(arg1.onmouseleave)arg1.onmouseleave=null;return result;}">双向音乐滑动键设计</font></strong>。搭配音乐功能，诺基亚5610XM提供了无线音乐功能，用户可以通过移动的无线音乐俱乐部下载音乐文件，体验无线音乐带来的乐趣。在内存扩展方面，该机支持<strong removechild="function MyRC(arg1){var self = this;if (self.removeAttribute)self.removeAttribute(&quot;removeChild&quot;);var result = self[&quot;removeChild&quot;](arg1);self[&quot;removeChild&quot;] = arguments.callee; /*Finally restore the Override Function*/if(arg1.clearAttributes)arg1.clearAttributes();if(arg1.onclick)arg1.onclick=null;if(arg1.onmousemove)arg1.onmousemove=null;if(arg1.onmouseover)arg1.onmouseover=null;if(arg1.ondblclick)arg1.ondblclick=null;if(arg1.onmouseenter)arg1.onmouseenter=null;if(arg1.onmouseleave)arg1.onmouseleave=null;return result;}"><font color="#ff0000" size="3" removechild="function MyRC(arg1){var self = this;if (self.removeAttribute)self.removeAttribute(&quot;removeChild&quot;);var result = self[&quot;removeChild&quot;](arg1);self[&quot;removeChild&quot;] = arguments.callee; /*Finally restore the Override Function*/if(arg1.clearAttributes)arg1.clearAttributes();if(arg1.onclick)arg1.onclick=null;if(arg1.onmousemove)arg1.onmousemove=null;if(arg1.onmouseover)arg1.onmouseover=null;if(arg1.ondblclick)arg1.ondblclick=null;if(arg1.onmouseenter)arg1.onmouseenter=null;if(arg1.onmouseleave)arg1.onmouseleave=null;return result;}">2GB的microSD卡扩展。</font></strong></p>\r\n<p>&nbsp;</p>\r\n<p>诺基亚5610XM采用<strong removechild="function MyRC(arg1){var self = this;if (self.removeAttribute)self.removeAttribute(&quot;removeChild&quot;);var result = self[&quot;removeChild&quot;](arg1);self[&quot;removeChild&quot;] = arguments.callee; /*Finally restore the Override Function*/if(arg1.clearAttributes)arg1.clearAttributes();if(arg1.onclick)arg1.onclick=null;if(arg1.onmousemove)arg1.onmousemove=null;if(arg1.onmouseover)arg1.onmouseover=null;if(arg1.ondblclick)arg1.ondblclick=null;if(arg1.onmouseenter)arg1.onmouseenter=null;if(arg1.onmouseleave)arg1.onmouseleave=null;return result;}"><font color="#ff0000" size="3" removechild="function MyRC(arg1){var self = this;if (self.removeAttribute)self.removeAttribute(&quot;removeChild&quot;);var result = self[&quot;removeChild&quot;](arg1);self[&quot;removeChild&quot;] = arguments.callee; /*Finally restore the Override Function*/if(arg1.clearAttributes)arg1.clearAttributes();if(arg1.onclick)arg1.onclick=null;if(arg1.onmousemove)arg1.onmousemove=null;if(arg1.onmouseover)arg1.onmouseover=null;if(arg1.ondblclick)arg1.ondblclick=null;if(arg1.onmouseenter)arg1.onmouseenter=null;if(arg1.onmouseleave)arg1.onmouseleave=null;return result;}">S40第五版FP1用户操作界面</font></strong>，虽然不是智能操作系统，但经过不断的更新与提高，如今的S40也在用户的自定义和个性设置上有了不小的改进。待机桌面能显示多种信息和快速启动程序的图标，并且可以由用户自由设置显示项目和内容。诺基亚5610XM还支持一键通<strong removechild="function MyRC(arg1){var self = this;if (self.removeAttribute)self.removeAttribute(&quot;removeChild&quot;);var result = self[&quot;removeChild&quot;](arg1);self[&quot;removeChild&quot;] = arguments.callee; /*Finally restore the Override Function*/if(arg1.clearAttributes)arg1.clearAttributes();if(arg1.onclick)arg1.onclick=null;if(arg1.onmousemove)arg1.onmousemove=null;if(arg1.onmouseover)arg1.onmouseover=null;if(arg1.ondblclick)arg1.ondblclick=null;if(arg1.onmouseenter)arg1.onmouseenter=null;if(arg1.onmouseleave)arg1.onmouseleave=null;return result;}"><font color="#ff0000" size="3" removechild="function MyRC(arg1){var self = this;if (self.removeAttribute)self.removeAttribute(&quot;removeChild&quot;);var result = self[&quot;removeChild&quot;](arg1);self[&quot;removeChild&quot;] = arguments.callee; /*Finally restore the Override Function*/if(arg1.clearAttributes)arg1.clearAttributes();if(arg1.onclick)arg1.onclick=null;if(arg1.onmousemove)arg1.onmousemove=null;if(arg1.onmouseover)arg1.onmouseover=null;if(arg1.ondblclick)arg1.ondblclick=null;if(arg1.onmouseenter)arg1.onmouseenter=null;if(arg1.onmouseleave)arg1.onmouseleave=null;return result;}">PTT功能</font></strong>，虽然中国大陆的移动运营商尚未推出此项业务，但诺基亚走在了前面，为一键通业务预留了这样的功能。</p>', 'images/200810/thumb_img/28_thumb_G_1225052697308.jpg', 'images/200810/goods_img/28_G_1225052697086.jpg', 'images/200810/source_img/28_G_1225052697586.jpg', 1, '', 1, 1, 1885, 1225052697, 0, 0, 1, 1, 1, 0, 0, 1225072694, 9, '', -1, -1),
(29, 2, 'ECS000029', '诺基亚7610s', '+', 14, 1, '', 9, 0.099, 2214.00, 1845.00, 0.00, 0, 0, 1, '2008年07月 GSM,850,900,1800,1900 滑盖 1600万 240×320 像素 是 黑红 白紫', '', '<p><span><span><span><span>诺基亚</span>7610s</span>采用<span><span>滑盖</span></span>设计，拥有<strong><font color="#ff0000" size="3">镜面效果屏幕</font></strong>，外表充斥着浓郁的时尚气息，三围尺寸为98&times;48&times;15mm，<strong><font color="#ff0000" size="3">重量仅为99克</font></strong>。诺基亚7610S装配一块2.0英寸QVGA（240&times;320像素）分辨率<strong><font color="#ff0000" size="3">1600万色TFT</font></strong>材质屏幕，显示效果非常不错。</span></span></p>\r\n<p>&nbsp;</p>\r\n<p><span><span><span><span>诺基亚</span>7610s</span>不仅仅是屏幕如镜子般闪亮，就连它的<span><span>键盘</span></span>也一样采用了反光处理。</span></span></p>\r\n<p>&nbsp;</p>\r\n<p><span><span>拍照方面，诺基亚7610S拥有<strong><font color="#ff0000" size="3">320万像素</font></strong>的CMOS<span><span>摄像头</span></span>，支持自动对焦和数码变焦以及丰富的拍摄模式和照片质量选择，具备<strong><font color="#ff0000" size="3">LED闪光灯</font></strong>，还可以拍摄640&times;480像素的VGA分辨率视频短片。</span></span></p>\r\n<p>&nbsp;</p>\r\n<p><span><span>&nbsp;<span><span>诺基亚</span>7610s</span>虽然只搭配了S40系统，但传统的多媒体方面，该机一点也不弱哦！诺基亚7610S支持<span>MP3/AAC/WMA</span>等<strong><font color="#ff0000" size="3">多种影音格式文件播放</font></strong>，内置<font color="#ff0000" size="3"><strong>FM</strong></font><span><span>收音机</span></span>功能，并且在拥有64MB机身<span><span>内存</span></span>的情况下，还可以借助micro-SD存储卡将<span><span>内存</span></span>扩展到更大容量。</span></span></p>\r\n<p>&nbsp;</p>\r\n<p><span><span>诺基亚7610S既然是一款定位于娱乐的<span><span>手机</span></span>，它不仅要有姣好的面容和多媒体功能。考虑到<span><span>手机</span></span>不但要执行多媒体应用，同时也需要满足用户随身拍摄、电话、短信的需求。<span><span>诺基亚</span>7610s<span>电池</span></span>从参数上看十分强悍，正常情况下它可以保证300小时的待机时间和5.4小时的连续通话时间。</span></span></p>', 'images/200810/thumb_img/29_thumb_G_1225054501107.jpg', 'images/200810/goods_img/29_G_1225054501984.jpg', 'images/200810/source_img/29_G_1225054501298.jpg', 1, '', 1, 1, 1845, 1225053219, 0, 0, 1, 1, 1, 0, 0, 1225072694, 9, '', -1, -1),
(31, 2, 'ECS000031', '诺基亚N95', '+', 16, 1, '', 10, 0.120, 3906.00, 3255.00, 0.00, 0, 0, 1, '2007年01月 GSM,900,1800,1900,2100 滑盖 1600万 240×320 像素 是 粉色 深李色 白色', '', '<p><font size="2" removechild="function MyRC(arg1){var self = this;if (self.removeAttribute)self.removeAttribute(&quot;removeChild&quot;);var result = self[&quot;removeChild&quot;](arg1);self[&quot;removeChild&quot;] = arguments.callee; /*Finally restore the Override Function*/if(arg1.clearAttributes)arg1.clearAttributes();if(arg1.onclick)arg1.onclick=null;if(arg1.onmousemove)arg1.onmousemove=null;if(arg1.onmouseover)arg1.onmouseover=null;if(arg1.ondblclick)arg1.ondblclick=null;if(arg1.onmouseenter)arg1.onmouseenter=null;if(arg1.onmouseleave)arg1.onmouseleave=null;return result;}">诺基亚N95在设计上采用了与N系同门机型N80相同的滑盖设计，这也是诺基亚少有的滑盖手机，但诺基亚似乎也越来越乐于推出滑盖机型了。N95的机身尺寸为<font color="#ff0000" size="3" removechild="function MyRC(arg1){var self = this;if (self.removeAttribute)self.removeAttribute(&quot;removeChild&quot;);var result = self[&quot;removeChild&quot;](arg1);self[&quot;removeChild&quot;] = arguments.callee; /*Finally restore the Override Function*/if(arg1.clearAttributes)arg1.clearAttributes();if(arg1.onclick)arg1.onclick=null;if(arg1.onmousemove)arg1.onmousemove=null;if(arg1.onmouseover)arg1.onmouseover=null;if(arg1.ondblclick)arg1.ondblclick=null;if(arg1.onmouseenter)arg1.onmouseenter=null;if(arg1.onmouseleave)arg1.onmouseleave=null;return result;}">99&times;53&times;21mm</font>，比N80要略微大一些，但是在厚度上则要比N80薄了不少，<font color="#ff0000" size="3" removechild="function MyRC(arg1){var self = this;if (self.removeAttribute)self.removeAttribute(&quot;removeChild&quot;);var result = self[&quot;removeChild&quot;](arg1);self[&quot;removeChild&quot;] = arguments.callee; /*Finally restore the Override Function*/if(arg1.clearAttributes)arg1.clearAttributes();if(arg1.onclick)arg1.onclick=null;if(arg1.onmousemove)arg1.onmousemove=null;if(arg1.onmouseover)arg1.onmouseover=null;if(arg1.ondblclick)arg1.ondblclick=null;if(arg1.onmouseenter)arg1.onmouseenter=null;if(arg1.onmouseleave)arg1.onmouseleave=null;return result;}">120克</font>的重量对于这款号称智能旗舰的智能手机来说算是非常的轻巧。小巧的机身比较利于携带，在滑盖上，推盖过程流畅，富有科技感。在外观设计上，诺基亚N95的最大特色莫过于超富时代感的<font color="#ff0000" size="3" removechild="function MyRC(arg1){var self = this;if (self.removeAttribute)self.removeAttribute(&quot;removeChild&quot;);var result = self[&quot;removeChild&quot;](arg1);self[&quot;removeChild&quot;] = arguments.callee; /*Finally restore the Override Function*/if(arg1.clearAttributes)arg1.clearAttributes();if(arg1.onclick)arg1.onclick=null;if(arg1.onmousemove)arg1.onmousemove=null;if(arg1.onmouseover)arg1.onmouseover=null;if(arg1.ondblclick)arg1.ondblclick=null;if(arg1.onmouseenter)arg1.onmouseenter=null;if(arg1.onmouseleave)arg1.onmouseleave=null;return result;}">双向滑盖设计</font>。可能正由于双向设计的缘故，滑盖机身才有略微松动的现象，但N95在滑盖下拉时的手感相当好。反方向打开滑盖时，露出了诺基亚特意为N95量身定造多媒体播放控制按键。同时，向下拉下滑盖后屏幕会自动切换至横屏显示模式，变成一个十足的随身视频播放器。</font></p>\r\n<p>&nbsp;</p>\r\n<p><font size="2" removechild="function MyRC(arg1){var self = this;if (self.removeAttribute)self.removeAttribute(&quot;removeChild&quot;);var result = self[&quot;removeChild&quot;](arg1);self[&quot;removeChild&quot;] = arguments.callee; /*Finally restore the Override Function*/if(arg1.clearAttributes)arg1.clearAttributes();if(arg1.onclick)arg1.onclick=null;if(arg1.onmousemove)arg1.onmousemove=null;if(arg1.onmouseover)arg1.onmouseover=null;if(arg1.ondblclick)arg1.ondblclick=null;if(arg1.onmouseenter)arg1.onmouseenter=null;if(arg1.onmouseleave)arg1.onmouseleave=null;return result;}">N95的屏幕显示效果一直是诺基亚所标榜的主要卖点之一。N95所配备的是一块可视面积为<font color="#ff0000" size="3" removechild="function MyRC(arg1){var self = this;if (self.removeAttribute)self.removeAttribute(&quot;removeChild&quot;);var result = self[&quot;removeChild&quot;](arg1);self[&quot;removeChild&quot;] = arguments.callee; /*Finally restore the Override Function*/if(arg1.clearAttributes)arg1.clearAttributes();if(arg1.onclick)arg1.onclick=null;if(arg1.onmousemove)arg1.onmousemove=null;if(arg1.onmouseover)arg1.onmouseover=null;if(arg1.ondblclick)arg1.ondblclick=null;if(arg1.onmouseenter)arg1.onmouseenter=null;if(arg1.onmouseleave)arg1.onmouseleave=null;return result;}">2.6英寸</font>的显示屏，<font color="#ff0000" size="3" removechild="function MyRC(arg1){var self = this;if (self.removeAttribute)self.removeAttribute(&quot;removeChild&quot;);var result = self[&quot;removeChild&quot;](arg1);self[&quot;removeChild&quot;] = arguments.callee; /*Finally restore the Override Function*/if(arg1.clearAttributes)arg1.clearAttributes();if(arg1.onclick)arg1.onclick=null;if(arg1.onmousemove)arg1.onmousemove=null;if(arg1.onmouseover)arg1.onmouseover=null;if(arg1.ondblclick)arg1.ondblclick=null;if(arg1.onmouseenter)arg1.onmouseenter=null;if(arg1.onmouseleave)arg1.onmouseleave=null;return result;}">1620万色</font>的TFT显示屏搭配上<font color="#ff0000" size="3" removechild="function MyRC(arg1){var self = this;if (self.removeAttribute)self.removeAttribute(&quot;removeChild&quot;);var result = self[&quot;removeChild&quot;](arg1);self[&quot;removeChild&quot;] = arguments.callee; /*Finally restore the Override Function*/if(arg1.clearAttributes)arg1.clearAttributes();if(arg1.onclick)arg1.onclick=null;if(arg1.onmousemove)arg1.onmousemove=null;if(arg1.onmouseover)arg1.onmouseover=null;if(arg1.ondblclick)arg1.ondblclick=null;if(arg1.onmouseenter)arg1.onmouseenter=null;if(arg1.onmouseleave)arg1.onmouseleave=null;return result;}">QVGA</font>的 显示分辨率，其在显示方面的效果是令人非常满意的。也许很多朋友都会觉得，既然是新一代的机王，为什么不直接使用更高标准的352&times;416分辨率屏幕呢？ 事实上，QVGA分辨率对于S60第三版的机型来说是最普遍的，软件的兼容性上也是最好的，因此也不难理解N95在屏幕上为何仅采用QVGA分辨率。</font></p>\r\n<p>&nbsp;</p>\r\n<p><font size="2" removechild="function MyRC(arg1){var self = this;if (self.removeAttribute)self.removeAttribute(&quot;removeChild&quot;);var result = self[&quot;removeChild&quot;](arg1);self[&quot;removeChild&quot;] = arguments.callee; /*Finally restore the Override Function*/if(arg1.clearAttributes)arg1.clearAttributes();if(arg1.onclick)arg1.onclick=null;if(arg1.onmousemove)arg1.onmousemove=null;if(arg1.onmouseover)arg1.onmouseover=null;if(arg1.ondblclick)arg1.ondblclick=null;if(arg1.onmouseenter)arg1.onmouseenter=null;if(arg1.onmouseleave)arg1.onmouseleave=null;return result;}">诺基亚N95在系统上采用的是<font color="#ff0000" size="3" removechild="function MyRC(arg1){var self = this;if (self.removeAttribute)self.removeAttribute(&quot;removeChild&quot;);var result = self[&quot;removeChild&quot;](arg1);self[&quot;removeChild&quot;] = arguments.callee; /*Finally restore the Override Function*/if(arg1.clearAttributes)arg1.clearAttributes();if(arg1.onclick)arg1.onclick=null;if(arg1.onmousemove)arg1.onmousemove=null;if(arg1.onmouseover)arg1.onmouseover=null;if(arg1.ondblclick)arg1.ondblclick=null;if(arg1.onmouseenter)arg1.onmouseenter=null;if(arg1.onmouseleave)arg1.onmouseleave=null;return result;}">Symbian 9.2 S60第三版</font>的 操作系统，相比N73、N93i等机型要稍微高一个档次。但新系统的整体界面上，均与采用Symbian 9.1系统的 S60第三版的机型没有多大的差异，其界面以及操作方式均基本保持一致。支持待机快捷方式、多种菜单图标显示方式、及相应的待机快捷键等。N95在原有的 基础上增加了字体大小设定的功能，能满足不同人士的需要。</font></p>\r\n<p>&nbsp;</p>\r\n<p align="left" removechild="function MyRC(arg1){var self = this;if (self.removeAttribute)self.removeAttribute(&quot;removeChild&quot;);var result = self[&quot;removeChild&quot;](arg1);self[&quot;removeChild&quot;] = arguments.callee; /*Finally restore the Override Function*/if(arg1.clearAttributes)arg1.clearAttributes();if(arg1.onclick)arg1.onclick=null;if(arg1.onmousemove)arg1.onmousemove=null;if(arg1.onmouseover)arg1.onmouseover=null;if(arg1.ondblclick)arg1.ondblclick=null;if(arg1.onmouseenter)arg1.onmouseenter=null;if(arg1.onmouseleave)arg1.onmouseleave=null;return result;}"><strong removechild="function MyRC(arg1){var self = this;if (self.removeAttribute)self.removeAttribute(&quot;removeChild&quot;);var result = self[&quot;removeChild&quot;](arg1);self[&quot;removeChild&quot;] = arguments.callee; /*Finally restore the Override Function*/if(arg1.clearAttributes)arg1.clearAttributes();if(arg1.onclick)arg1.onclick=null;if(arg1.onmousemove)arg1.onmousemove=null;if(arg1.onmouseover)arg1.onmouseover=null;if(arg1.ondblclick)arg1.ondblclick=null;if(arg1.onmouseenter)arg1.onmouseenter=null;if(arg1.onmouseleave)arg1.onmouseleave=null;return result;}"><font color="#ff0000" size="3" removechild="function MyRC(arg1){var self = this;if (self.removeAttribute)self.removeAttribute(&quot;removeChild&quot;);var result = self[&quot;removeChild&quot;](arg1);self[&quot;removeChild&quot;] = arguments.callee; /*Finally restore the Override Function*/if(arg1.clearAttributes)arg1.clearAttributes();if(arg1.onclick)arg1.onclick=null;if(arg1.onmousemove)arg1.onmousemove=null;if(arg1.onmouseover)arg1.onmouseover=null;if(arg1.ondblclick)arg1.ondblclick=null;if(arg1.onmouseenter)arg1.onmouseenter=null;if(arg1.onmouseleave)arg1.onmouseleave=null;return result;}">新系统 新特性</font></strong></p>\r\n<p align="left" removechild="function MyRC(arg1){var self = this;if (self.removeAttribute)self.removeAttribute(&quot;removeChild&quot;);var result = self[&quot;removeChild&quot;](arg1);self[&quot;removeChild&quot;] = arguments.callee; /*Finally restore the Override Function*/if(arg1.clearAttributes)arg1.clearAttributes();if(arg1.onclick)arg1.onclick=null;if(arg1.onmousemove)arg1.onmousemove=null;if(arg1.onmouseover)arg1.onmouseover=null;if(arg1.ondblclick)arg1.ondblclick=null;if(arg1.onmouseenter)arg1.onmouseenter=null;if(arg1.onmouseleave)arg1.onmouseleave=null;return result;}"><font size="2" removechild="function MyRC(arg1){var self = this;if (self.removeAttribute)self.removeAttribute(&quot;removeChild&quot;);var result = self[&quot;removeChild&quot;](arg1);self[&quot;removeChild&quot;] = arguments.callee; /*Finally restore the Override Function*/if(arg1.clearAttributes)arg1.clearAttributes();if(arg1.onclick)arg1.onclick=null;if(arg1.onmousemove)arg1.onmousemove=null;if(arg1.onmouseover)arg1.onmouseover=null;if(arg1.ondblclick)arg1.ondblclick=null;if(arg1.onmouseenter)arg1.onmouseenter=null;if(arg1.onmouseleave)arg1.onmouseleave=null;return result;}">　 　1.既然在系统上作出了升级，N95到底在界面与操作上有什么改善了的地方呢？我们也将一一为大家指出。首先，在新系统的支持下，N95终于能够实现动 态图标功能，尽管是很小的变化，但这也体现了诺基亚确实花了不少心思在手机的视觉效果上。动态图标功能默认为关闭，新用户需要自己手动打开一下。</font></p>\r\n<p align="left" removechild="function MyRC(arg1){var self = this;if (self.removeAttribute)self.removeAttribute(&quot;removeChild&quot;);var result = self[&quot;removeChild&quot;](arg1);self[&quot;removeChild&quot;] = arguments.callee; /*Finally restore the Override Function*/if(arg1.clearAttributes)arg1.clearAttributes();if(arg1.onclick)arg1.onclick=null;if(arg1.onmousemove)arg1.onmousemove=null;if(arg1.onmouseover)arg1.onmouseover=null;if(arg1.ondblclick)arg1.ondblclick=null;if(arg1.onmouseenter)arg1.onmouseenter=null;if(arg1.onmouseleave)arg1.onmouseleave=null;return result;}"><font size="2" removechild="function MyRC(arg1){var self = this;if (self.removeAttribute)self.removeAttribute(&quot;removeChild&quot;);var result = self[&quot;removeChild&quot;](arg1);self[&quot;removeChild&quot;] = arguments.callee; /*Finally restore the Override Function*/if(arg1.clearAttributes)arg1.clearAttributes();if(arg1.onclick)arg1.onclick=null;if(arg1.onmousemove)arg1.onmousemove=null;if(arg1.onmouseover)arg1.onmouseover=null;if(arg1.ondblclick)arg1.ondblclick=null;if(arg1.onmouseenter)arg1.onmouseenter=null;if(arg1.onmouseleave)arg1.onmouseleave=null;return result;}">　　2.另外，N95的多媒体键按下后会进入一个画面华丽的滚动式U型菜单，并能够设定不同的快捷方式、不同的背景，视觉效果相当好。</font></p>\r\n<p align="left" removechild="function MyRC(arg1){var self = this;if (self.removeAttribute)self.removeAttribute(&quot;removeChild&quot;);var result = self[&quot;removeChild&quot;](arg1);self[&quot;removeChild&quot;] = arguments.callee; /*Finally restore the Override Function*/if(arg1.clearAttributes)arg1.clearAttributes();if(arg1.onclick)arg1.onclick=null;if(arg1.onmousemove)arg1.onmousemove=null;if(arg1.onmouseover)arg1.onmouseover=null;if(arg1.ondblclick)arg1.ondblclick=null;if(arg1.onmouseenter)arg1.onmouseenter=null;if(arg1.onmouseleave)arg1.onmouseleave=null;return result;}"><font size="2" removechild="function MyRC(arg1){var self = this;if (self.removeAttribute)self.removeAttribute(&quot;removeChild&quot;);var result = self[&quot;removeChild&quot;](arg1);self[&quot;removeChild&quot;] = arguments.callee; /*Finally restore the Override Function*/if(arg1.clearAttributes)arg1.clearAttributes();if(arg1.onclick)arg1.onclick=null;if(arg1.onmousemove)arg1.onmousemove=null;if(arg1.onmouseover)arg1.onmouseover=null;if(arg1.ondblclick)arg1.ondblclick=null;if(arg1.onmouseenter)arg1.onmouseenter=null;if(arg1.onmouseleave)arg1.onmouseleave=null;return result;}">　　3.主题功能细分化：诺基亚N95在主题功能上作出了小许的变化，但与其说是变化，不如直接说是简化设置步骤。进入主题功能后，能够直接对图标排列方式、壁纸、节电保护等项目进行分类设置，而非原来的选定主题后，再进行相关的&ldquo;编辑&rdquo;。</font></p>\r\n<p align="left" removechild="function MyRC(arg1){var self = this;if (self.removeAttribute)self.removeAttribute(&quot;removeChild&quot;);var result = self[&quot;removeChild&quot;](arg1);self[&quot;removeChild&quot;] = arguments.callee; /*Finally restore the Override Function*/if(arg1.clearAttributes)arg1.clearAttributes();if(arg1.onclick)arg1.onclick=null;if(arg1.onmousemove)arg1.onmousemove=null;if(arg1.onmouseover)arg1.onmouseover=null;if(arg1.ondblclick)arg1.ondblclick=null;if(arg1.onmouseenter)arg1.onmouseenter=null;if(arg1.onmouseleave)arg1.onmouseleave=null;return result;}"><font size="2" removechild="function MyRC(arg1){var self = this;if (self.removeAttribute)self.removeAttribute(&quot;removeChild&quot;);var result = self[&quot;removeChild&quot;](arg1);self[&quot;removeChild&quot;] = arguments.callee; /*Finally restore the Override Function*/if(arg1.clearAttributes)arg1.clearAttributes();if(arg1.onclick)arg1.onclick=null;if(arg1.onmousemove)arg1.onmousemove=null;if(arg1.onmouseover)arg1.onmouseover=null;if(arg1.ondblclick)arg1.ondblclick=null;if(arg1.onmouseenter)arg1.onmouseenter=null;if(arg1.onmouseleave)arg1.onmouseleave=null;return result;}">　 　4.集中管理设置：进入手机设置里面，用户会发现先看到的设置界面也作出了调整，包括把常规设定、手机、连接、应用程序等设置项目进行了归类，并把一些 诸如通话记录设置、录音器设置、程序安装设置等细节项目归类起来，不必像以往一样，必须进入到该功能里面才能够进行相关的设定。</font></p>\r\n<p align="left" removechild="function MyRC(arg1){var self = this;if (self.removeAttribute)self.removeAttribute(&quot;removeChild&quot;);var result = self[&quot;removeChild&quot;](arg1);self[&quot;removeChild&quot;] = arguments.callee; /*Finally restore the Override Function*/if(arg1.clearAttributes)arg1.clearAttributes();if(arg1.onclick)arg1.onclick=null;if(arg1.onmousemove)arg1.onmousemove=null;if(arg1.onmouseover)arg1.onmouseover=null;if(arg1.ondblclick)arg1.ondblclick=null;if(arg1.onmouseenter)arg1.onmouseenter=null;if(arg1.onmouseleave)arg1.onmouseleave=null;return result;}"><font size="2" removechild="function MyRC(arg1){var self = this;if (self.removeAttribute)self.removeAttribute(&quot;removeChild&quot;);var result = self[&quot;removeChild&quot;](arg1);self[&quot;removeChild&quot;] = arguments.callee; /*Finally restore the Override Function*/if(arg1.clearAttributes)arg1.clearAttributes();if(arg1.onclick)arg1.onclick=null;if(arg1.onmousemove)arg1.onmousemove=null;if(arg1.onmouseover)arg1.onmouseover=null;if(arg1.ondblclick)arg1.ondblclick=null;if(arg1.onmouseenter)arg1.onmouseenter=null;if(arg1.onmouseleave)arg1.onmouseleave=null;return result;}">　 　5.正在运行提示：对于智能手机，许多平常接触较少的用户都会存在一个后台运行的程序过多，而导致手机反应变慢，甚至假死、白屏的现象。N95在这方面 也作出了一个小小的改进，在打开功能一个程序或者软件之后，如果没有将该程序退出而又进行其他操作的话，在菜单图标上会出现一个提示正在使用的小弧圈，用 户也只需要长按功能表键便能够进行切换，类似于电脑键盘的alt＋tab组合键。</font></p>\r\n<p align="left" removechild="function MyRC(arg1){var self = this;if (self.removeAttribute)self.removeAttribute(&quot;removeChild&quot;);var result = self[&quot;removeChild&quot;](arg1);self[&quot;removeChild&quot;] = arguments.callee; /*Finally restore the Override Function*/if(arg1.clearAttributes)arg1.clearAttributes();if(arg1.onclick)arg1.onclick=null;if(arg1.onmousemove)arg1.onmousemove=null;if(arg1.onmouseover)arg1.onmouseover=null;if(arg1.ondblclick)arg1.ondblclick=null;if(arg1.onmouseenter)arg1.onmouseenter=null;if(arg1.onmouseleave)arg1.onmouseleave=null;return result;}">&nbsp;</p>\r\n<p align="left" removechild="function MyRC(arg1){var self = this;if (self.removeAttribute)self.removeAttribute(&quot;removeChild&quot;);var result = self[&quot;removeChild&quot;](arg1);self[&quot;removeChild&quot;] = arguments.callee; /*Finally restore the Override Function*/if(arg1.clearAttributes)arg1.clearAttributes();if(arg1.onclick)arg1.onclick=null;if(arg1.onmousemove)arg1.onmousemove=null;if(arg1.onmouseover)arg1.onmouseover=null;if(arg1.ondblclick)arg1.ondblclick=null;if(arg1.onmouseenter)arg1.onmouseenter=null;if(arg1.onmouseleave)arg1.onmouseleave=null;return result;}"><font size="2" removechild="function MyRC(arg1){var self = this;if (self.removeAttribute)self.removeAttribute(&quot;removeChild&quot;);var result = self[&quot;removeChild&quot;](arg1);self[&quot;removeChild&quot;] = arguments.callee; /*Finally restore the Override Function*/if(arg1.clearAttributes)arg1.clearAttributes();if(arg1.onclick)arg1.onclick=null;if(arg1.onmousemove)arg1.onmousemove=null;if(arg1.onmouseover)arg1.onmouseover=null;if(arg1.ondblclick)arg1.ondblclick=null;if(arg1.onmouseenter)arg1.onmouseenter=null;if(arg1.onmouseleave)arg1.onmouseleave=null;return result;}">诺基亚N95与N73一样，具有立体声效果的<font color="#ff0000" size="3" removechild="function MyRC(arg1){var self = this;if (self.removeAttribute)self.removeAttribute(&quot;removeChild&quot;);var result = self[&quot;removeChild&quot;](arg1);self[&quot;removeChild&quot;] = arguments.callee; /*Finally restore the Override Function*/if(arg1.clearAttributes)arg1.clearAttributes();if(arg1.onclick)arg1.onclick=null;if(arg1.onmousemove)arg1.onmousemove=null;if(arg1.onmouseover)arg1.onmouseover=null;if(arg1.ondblclick)arg1.ondblclick=null;if(arg1.onmouseenter)arg1.onmouseenter=null;if(arg1.onmouseleave)arg1.onmouseleave=null;return result;}">双扬声器</font>， 但扬声器的设计更接近于同为滑盖设计的6270，发声孔安放在手机两侧。N95与N73一样内置一个三维铃声的设置软件，立体声效果相当明显。而且同样是 由于新系统的关系，N95在手机设定里面也能够进行铃声的设置，而不必要进入到情景模式也能进行相关设定。N95的铃声支持eAAC+、MPEG4、 AAC、MP3、ARM-NB、ARM-WB、MIDI、RealAudio Voice、RealAudio7、RealAudio8以及WMA格式，铃声文件的选择范围非常大。扬声器的音量和穿透力都很强，而且在最大音量下没有 出现暴音现象。</font></p>\r\n<p align="left" removechild="function MyRC(arg1){var self = this;if (self.removeAttribute)self.removeAttribute(&quot;removeChild&quot;);var result = self[&quot;removeChild&quot;](arg1);self[&quot;removeChild&quot;] = arguments.callee; /*Finally restore the Override Function*/if(arg1.clearAttributes)arg1.clearAttributes();if(arg1.onclick)arg1.onclick=null;if(arg1.onmousemove)arg1.onmousemove=null;if(arg1.onmouseover)arg1.onmouseover=null;if(arg1.ondblclick)arg1.ondblclick=null;if(arg1.onmouseenter)arg1.onmouseenter=null;if(arg1.onmouseleave)arg1.onmouseleave=null;return result;}">&nbsp;</p>\r\n<p align="left" removechild="function MyRC(arg1){var self = this;if (self.removeAttribute)self.removeAttribute(&quot;removeChild&quot;);var result = self[&quot;removeChild&quot;](arg1);self[&quot;removeChild&quot;] = arguments.callee; /*Finally restore the Override Function*/if(arg1.clearAttributes)arg1.clearAttributes();if(arg1.onclick)arg1.onclick=null;if(arg1.onmousemove)arg1.onmousemove=null;if(arg1.onmouseover)arg1.onmouseover=null;if(arg1.ondblclick)arg1.ondblclick=null;if(arg1.onmouseenter)arg1.onmouseenter=null;if(arg1.onmouseleave)arg1.onmouseleave=null;return result;}"><font size="2" removechild="function MyRC(arg1){var self = this;if (self.removeAttribute)self.removeAttribute(&quot;removeChild&quot;);var result = self[&quot;removeChild&quot;](arg1);self[&quot;removeChild&quot;] = arguments.callee; /*Finally restore the Override Function*/if(arg1.clearAttributes)arg1.clearAttributes();if(arg1.onclick)arg1.onclick=null;if(arg1.onmousemove)arg1.onmousemove=null;if(arg1.onmouseover)arg1.onmouseover=null;if(arg1.ondblclick)arg1.ondblclick=null;if(arg1.onmouseenter)arg1.onmouseenter=null;if(arg1.onmouseleave)arg1.onmouseleave=null;return result;}">诺基亚N95的拍摄功能最大卖点之一，诺基亚为其配备了一颗<font color="#ff0000" size="3" removechild="function MyRC(arg1){var self = this;if (self.removeAttribute)self.removeAttribute(&quot;removeChild&quot;);var result = self[&quot;removeChild&quot;](arg1);self[&quot;removeChild&quot;] = arguments.callee; /*Finally restore the Override Function*/if(arg1.clearAttributes)arg1.clearAttributes();if(arg1.onclick)arg1.onclick=null;if(arg1.onmousemove)arg1.onmousemove=null;if(arg1.onmouseover)arg1.onmouseover=null;if(arg1.ondblclick)arg1.ondblclick=null;if(arg1.onmouseenter)arg1.onmouseenter=null;if(arg1.onmouseleave)arg1.onmouseleave=null;return result;}">500万像素</font>的<font color="#ff0000" size="3" removechild="function MyRC(arg1){var self = this;if (self.removeAttribute)self.removeAttribute(&quot;removeChild&quot;);var result = self[&quot;removeChild&quot;](arg1);self[&quot;removeChild&quot;] = arguments.callee; /*Finally restore the Override Function*/if(arg1.clearAttributes)arg1.clearAttributes();if(arg1.onclick)arg1.onclick=null;if(arg1.onmousemove)arg1.onmousemove=null;if(arg1.onmouseover)arg1.onmouseover=null;if(arg1.ondblclick)arg1.ondblclick=null;if(arg1.onmouseenter)arg1.onmouseenter=null;if(arg1.onmouseleave)arg1.onmouseleave=null;return result;}">自动对焦</font>摄像头，并与N73、N93i等一系列高端拍照手机一样采用了&ldquo;<font color="#ff0000" size="3" removechild="function MyRC(arg1){var self = this;if (self.removeAttribute)self.removeAttribute(&quot;removeChild&quot;);var result = self[&quot;removeChild&quot;](arg1);self[&quot;removeChild&quot;] = arguments.callee; /*Finally restore the Override Function*/if(arg1.clearAttributes)arg1.clearAttributes();if(arg1.onclick)arg1.onclick=null;if(arg1.onmousemove)arg1.onmousemove=null;if(arg1.onmouseover)arg1.onmouseover=null;if(arg1.ondblclick)arg1.ondblclick=null;if(arg1.onmouseenter)arg1.onmouseenter=null;if(arg1.onmouseleave)arg1.onmouseleave=null;return result;}">卡尔&middot;蔡司</font>&rdquo;光学认证的镜头，画质方面的表现备受期待。500万像素的摄像头配备了高亮度的<font color="#ff0000" size="3" removechild="function MyRC(arg1){var self = this;if (self.removeAttribute)self.removeAttribute(&quot;removeChild&quot;);var result = self[&quot;removeChild&quot;](arg1);self[&quot;removeChild&quot;] = arguments.callee; /*Finally restore the Override Function*/if(arg1.clearAttributes)arg1.clearAttributes();if(arg1.onclick)arg1.onclick=null;if(arg1.onmousemove)arg1.onmousemove=null;if(arg1.onmouseover)arg1.onmouseover=null;if(arg1.ondblclick)arg1.ondblclick=null;if(arg1.onmouseenter)arg1.onmouseenter=null;if(arg1.onmouseleave)arg1.onmouseleave=null;return result;}">闪光灯</font>，但没有配备自拍镜让人感到一丝的遗憾。诺基亚N95还支持<font color="#ff0000" size="3" removechild="function MyRC(arg1){var self = this;if (self.removeAttribute)self.removeAttribute(&quot;removeChild&quot;);var result = self[&quot;removeChild&quot;](arg1);self[&quot;removeChild&quot;] = arguments.callee; /*Finally restore the Override Function*/if(arg1.clearAttributes)arg1.clearAttributes();if(arg1.onclick)arg1.onclick=null;if(arg1.onmousemove)arg1.onmousemove=null;if(arg1.onmouseover)arg1.onmouseover=null;if(arg1.ondblclick)arg1.ondblclick=null;if(arg1.onmouseenter)arg1.onmouseenter=null;if(arg1.onmouseleave)arg1.onmouseleave=null;return result;}">电子防抖</font>技术，在取景拍摄的时侯有着很好的保证。</font></p>\r\n<p align="left" removechild="function MyRC(arg1){var self = this;if (self.removeAttribute)self.removeAttribute(&quot;removeChild&quot;);var result = self[&quot;removeChild&quot;](arg1);self[&quot;removeChild&quot;] = arguments.callee; /*Finally restore the Override Function*/if(arg1.clearAttributes)arg1.clearAttributes();if(arg1.onclick)arg1.onclick=null;if(arg1.onmousemove)arg1.onmousemove=null;if(arg1.onmouseover)arg1.onmouseover=null;if(arg1.ondblclick)arg1.ondblclick=null;if(arg1.onmouseenter)arg1.onmouseenter=null;if(arg1.onmouseleave)arg1.onmouseleave=null;return result;}">&nbsp;</p>\r\n<p align="left" removechild="function MyRC(arg1){var self = this;if (self.removeAttribute)self.removeAttribute(&quot;removeChild&quot;);var result = self[&quot;removeChild&quot;](arg1);self[&quot;removeChild&quot;] = arguments.callee; /*Finally restore the Override Function*/if(arg1.clearAttributes)arg1.clearAttributes();if(arg1.onclick)arg1.onclick=null;if(arg1.onmousemove)arg1.onmousemove=null;if(arg1.onmouseover)arg1.onmouseover=null;if(arg1.ondblclick)arg1.ondblclick=null;if(arg1.onmouseenter)arg1.onmouseenter=null;if(arg1.onmouseleave)arg1.onmouseleave=null;return result;}"><font size="2" removechild="function MyRC(arg1){var self = this;if (self.removeAttribute)self.removeAttribute(&quot;removeChild&quot;);var result = self[&quot;removeChild&quot;](arg1);self[&quot;removeChild&quot;] = arguments.callee; /*Finally restore the Override Function*/if(arg1.clearAttributes)arg1.clearAttributes();if(arg1.onclick)arg1.onclick=null;if(arg1.onmousemove)arg1.onmousemove=null;if(arg1.onmouseover)arg1.onmouseover=null;if(arg1.ondblclick)arg1.ondblclick=null;if(arg1.onmouseenter)arg1.onmouseenter=null;if(arg1.onmouseleave)arg1.onmouseleave=null;return result;}">诺基亚N95内置<font color="#ff0000" size="3" removechild="function MyRC(arg1){var self = this;if (self.removeAttribute)self.removeAttribute(&quot;removeChild&quot;);var result = self[&quot;removeChild&quot;](arg1);self[&quot;removeChild&quot;] = arguments.callee; /*Finally restore the Override Function*/if(arg1.clearAttributes)arg1.clearAttributes();if(arg1.onclick)arg1.onclick=null;if(arg1.onmousemove)arg1.onmousemove=null;if(arg1.onmouseover)arg1.onmouseover=null;if(arg1.ondblclick)arg1.ondblclick=null;if(arg1.onmouseenter)arg1.onmouseenter=null;if(arg1.onmouseleave)arg1.onmouseleave=null;return result;}">Quickoffice</font>软件，能够直接读取word、excel、ppt等文件，并能对文档进行编辑。内置的Quickoffice软件还能够通过网络下载更新。诺基亚N95内置的其他工具还是非常丰富的，包括<font color="#ff0000" size="3" removechild="function MyRC(arg1){var self = this;if (self.removeAttribute)self.removeAttribute(&quot;removeChild&quot;);var result = self[&quot;removeChild&quot;](arg1);self[&quot;removeChild&quot;] = arguments.callee; /*Finally restore the Override Function*/if(arg1.clearAttributes)arg1.clearAttributes();if(arg1.onclick)arg1.onclick=null;if(arg1.onmousemove)arg1.onmousemove=null;if(arg1.onmouseover)arg1.onmouseover=null;if(arg1.ondblclick)arg1.ondblclick=null;if(arg1.onmouseenter)arg1.onmouseenter=null;if(arg1.onmouseleave)arg1.onmouseleave=null;return result;}">条码阅读器</font>、录音、语音命令、计算器、单位转换、压缩工具、记事本等，基本配备齐全。</font></p>\r\n<p align="left" removechild="function MyRC(arg1){var self = this;if (self.removeAttribute)self.removeAttribute(&quot;removeChild&quot;);var result = self[&quot;removeChild&quot;](arg1);self[&quot;removeChild&quot;] = arguments.callee; /*Finally restore the Override Function*/if(arg1.clearAttributes)arg1.clearAttributes();if(arg1.onclick)arg1.onclick=null;if(arg1.onmousemove)arg1.onmousemove=null;if(arg1.onmouseover)arg1.onmouseover=null;if(arg1.ondblclick)arg1.ondblclick=null;if(arg1.onmouseenter)arg1.onmouseenter=null;if(arg1.onmouseleave)arg1.onmouseleave=null;return result;}">&nbsp;</p>\r\n<p align="left" removechild="function MyRC(arg1){var self = this;if (self.removeAttribute)self.removeAttribute(&quot;removeChild&quot;);var result = self[&quot;removeChild&quot;](arg1);self[&quot;removeChild&quot;] = arguments.callee; /*Finally restore the Override Function*/if(arg1.clearAttributes)arg1.clearAttributes();if(arg1.onclick)arg1.onclick=null;if(arg1.onmousemove)arg1.onmousemove=null;if(arg1.onmouseover)arg1.onmouseover=null;if(arg1.ondblclick)arg1.ondblclick=null;if(arg1.onmouseenter)arg1.onmouseenter=null;if(arg1.onmouseleave)arg1.onmouseleave=null;return result;}"><font size="2" removechild="function MyRC(arg1){var self = this;if (self.removeAttribute)self.removeAttribute(&quot;removeChild&quot;);var result = self[&quot;removeChild&quot;](arg1);self[&quot;removeChild&quot;] = arguments.callee; /*Finally restore the Override Function*/if(arg1.clearAttributes)arg1.clearAttributes();if(arg1.onclick)arg1.onclick=null;if(arg1.onmousemove)arg1.onmousemove=null;if(arg1.onmouseover)arg1.onmouseover=null;if(arg1.ondblclick)arg1.ondblclick=null;if(arg1.onmouseenter)arg1.onmouseenter=null;if(arg1.onmouseleave)arg1.onmouseleave=null;return result;}">诺基亚N95在数据扩展性方面可谓人性化十足，各种接口都已经统一标准化，包括<font color="#ff0000" size="3" removechild="function MyRC(arg1){var self = this;if (self.removeAttribute)self.removeAttribute(&quot;removeChild&quot;);var result = self[&quot;removeChild&quot;](arg1);self[&quot;removeChild&quot;] = arguments.callee; /*Finally restore the Override Function*/if(arg1.clearAttributes)arg1.clearAttributes();if(arg1.onclick)arg1.onclick=null;if(arg1.onmousemove)arg1.onmousemove=null;if(arg1.onmouseover)arg1.onmouseover=null;if(arg1.ondblclick)arg1.ondblclick=null;if(arg1.onmouseenter)arg1.onmouseenter=null;if(arg1.onmouseleave)arg1.onmouseleave=null;return result;}">mini USB</font>口与<font color="#ff0000" size="3" removechild="function MyRC(arg1){var self = this;if (self.removeAttribute)self.removeAttribute(&quot;removeChild&quot;);var result = self[&quot;removeChild&quot;](arg1);self[&quot;removeChild&quot;] = arguments.callee; /*Finally restore the Override Function*/if(arg1.clearAttributes)arg1.clearAttributes();if(arg1.onclick)arg1.onclick=null;if(arg1.onmousemove)arg1.onmousemove=null;if(arg1.onmouseover)arg1.onmouseover=null;if(arg1.ondblclick)arg1.ondblclick=null;if(arg1.onmouseenter)arg1.onmouseenter=null;if(arg1.onmouseleave)arg1.onmouseleave=null;return result;}">3.5mm</font>标准耳机口。数据接口的统一标准化对于日常的数据交换带来的便利性是相当明显的，如今N95就能够随便一条USB线就能够进行更换存储卡里面的资料，尽管这种变化来的比较迟，但还是值得可喜的。通过USB线连接PC后，手机就变成的读卡器的作用，可实现<font color="#ff0000" size="3" removechild="function MyRC(arg1){var self = this;if (self.removeAttribute)self.removeAttribute(&quot;removeChild&quot;);var result = self[&quot;removeChild&quot;](arg1);self[&quot;removeChild&quot;] = arguments.callee; /*Finally restore the Override Function*/if(arg1.clearAttributes)arg1.clearAttributes();if(arg1.onclick)arg1.onclick=null;if(arg1.onmousemove)arg1.onmousemove=null;if(arg1.onmouseover)arg1.onmouseover=null;if(arg1.ondblclick)arg1.ondblclick=null;if(arg1.onmouseenter)arg1.onmouseenter=null;if(arg1.onmouseleave)arg1.onmouseleave=null;return result;}">免驱动U盘</font>功能，对存储卡的内容进行管理，但机身内存还是得通过相关的同步软件了。另外，N95通过数据线连接PC后并不可以利用USB线充电，用户在进行大容量数据传输时，记得要保证手机电池电量充足。</font></p>\r\n<p align="left" removechild="function MyRC(arg1){var self = this;if (self.removeAttribute)self.removeAttribute(&quot;removeChild&quot;);var result = self[&quot;removeChild&quot;](arg1);self[&quot;removeChild&quot;] = arguments.callee; /*Finally restore the Override Function*/if(arg1.clearAttributes)arg1.clearAttributes();if(arg1.onclick)arg1.onclick=null;if(arg1.onmousemove)arg1.onmousemove=null;if(arg1.onmouseover)arg1.onmouseover=null;if(arg1.ondblclick)arg1.ondblclick=null;if(arg1.onmouseenter)arg1.onmouseenter=null;if(arg1.onmouseleave)arg1.onmouseleave=null;return result;}">&nbsp;</p>\r\n<p align="left" removechild="function MyRC(arg1){var self = this;if (self.removeAttribute)self.removeAttribute(&quot;removeChild&quot;);var result = self[&quot;removeChild&quot;](arg1);self[&quot;removeChild&quot;] = arguments.callee; /*Finally restore the Override Function*/if(arg1.clearAttributes)arg1.clearAttributes();if(arg1.onclick)arg1.onclick=null;if(arg1.onmousemove)arg1.onmousemove=null;if(arg1.onmouseover)arg1.onmouseover=null;if(arg1.ondblclick)arg1.ondblclick=null;if(arg1.onmouseenter)arg1.onmouseenter=null;if(arg1.onmouseleave)arg1.onmouseleave=null;return result;}"><font size="2" removechild="function MyRC(arg1){var self = this;if (self.removeAttribute)self.removeAttribute(&quot;removeChild&quot;);var result = self[&quot;removeChild&quot;](arg1);self[&quot;removeChild&quot;] = arguments.callee; /*Finally restore the Override Function*/if(arg1.clearAttributes)arg1.clearAttributes();if(arg1.onclick)arg1.onclick=null;if(arg1.onmousemove)arg1.onmousemove=null;if(arg1.onmouseover)arg1.onmouseover=null;if(arg1.ondblclick)arg1.ondblclick=null;if(arg1.onmouseenter)arg1.onmouseenter=null;if(arg1.onmouseleave)arg1.onmouseleave=null;return result;}">诺基亚N95在无线功能上相当齐全，<font color="#ff0000" size="3" removechild="function MyRC(arg1){var self = this;if (self.removeAttribute)self.removeAttribute(&quot;removeChild&quot;);var result = self[&quot;removeChild&quot;](arg1);self[&quot;removeChild&quot;] = arguments.callee; /*Finally restore the Override Function*/if(arg1.clearAttributes)arg1.clearAttributes();if(arg1.onclick)arg1.onclick=null;if(arg1.onmousemove)arg1.onmousemove=null;if(arg1.onmouseover)arg1.onmouseover=null;if(arg1.ondblclick)arg1.ondblclick=null;if(arg1.onmouseenter)arg1.onmouseenter=null;if(arg1.onmouseleave)arg1.onmouseleave=null;return result;}">蓝牙2.0</font>、<font color="#ff0000" size="3" removechild="function MyRC(arg1){var self = this;if (self.removeAttribute)self.removeAttribute(&quot;removeChild&quot;);var result = self[&quot;removeChild&quot;](arg1);self[&quot;removeChild&quot;] = arguments.callee; /*Finally restore the Override Function*/if(arg1.clearAttributes)arg1.clearAttributes();if(arg1.onclick)arg1.onclick=null;if(arg1.onmousemove)arg1.onmousemove=null;if(arg1.onmouseover)arg1.onmouseover=null;if(arg1.ondblclick)arg1.ondblclick=null;if(arg1.onmouseenter)arg1.onmouseenter=null;if(arg1.onmouseleave)arg1.onmouseleave=null;return result;}">红外</font>都具备了，并且支持<font color="#ff0000" size="3" removechild="function MyRC(arg1){var self = this;if (self.removeAttribute)self.removeAttribute(&quot;removeChild&quot;);var result = self[&quot;removeChild&quot;](arg1);self[&quot;removeChild&quot;] = arguments.callee; /*Finally restore the Override Function*/if(arg1.clearAttributes)arg1.clearAttributes();if(arg1.onclick)arg1.onclick=null;if(arg1.onmousemove)arg1.onmousemove=null;if(arg1.onmouseover)arg1.onmouseover=null;if(arg1.ondblclick)arg1.ondblclick=null;if(arg1.onmouseenter)arg1.onmouseenter=null;if(arg1.onmouseleave)arg1.onmouseleave=null;return result;}">JAVA Midp 2.0</font>扩展。<font color="#ff0000" size="3" removechild="function MyRC(arg1){var self = this;if (self.removeAttribute)self.removeAttribute(&quot;removeChild&quot;);var result = self[&quot;removeChild&quot;](arg1);self[&quot;removeChild&quot;] = arguments.callee; /*Finally restore the Override Function*/if(arg1.clearAttributes)arg1.clearAttributes();if(arg1.onclick)arg1.onclick=null;if(arg1.onmousemove)arg1.onmousemove=null;if(arg1.onmouseover)arg1.onmouseover=null;if(arg1.ondblclick)arg1.ondblclick=null;if(arg1.onmouseenter)arg1.onmouseenter=null;if(arg1.onmouseleave)arg1.onmouseleave=null;return result;}">RealPlayer</font>还是S60手机的必备软件，N95当然也是不可或缺。RealPlay的播放效果十分出色，支持全屏幕视频播放，2.6英寸的大屏幕看电影视频时就得以发挥优势。同时，N95还内置了<font color="#ff0000" size="3" removechild="function MyRC(arg1){var self = this;if (self.removeAttribute)self.removeAttribute(&quot;removeChild&quot;);var result = self[&quot;removeChild&quot;](arg1);self[&quot;removeChild&quot;] = arguments.callee; /*Finally restore the Override Function*/if(arg1.clearAttributes)arg1.clearAttributes();if(arg1.onclick)arg1.onclick=null;if(arg1.onmousemove)arg1.onmousemove=null;if(arg1.onmouseover)arg1.onmouseover=null;if(arg1.ondblclick)arg1.ondblclick=null;if(arg1.onmouseenter)arg1.onmouseenter=null;if(arg1.onmouseleave)arg1.onmouseleave=null;return result;}">Flash播放器</font>，播放效果不错，而且打开swf文件的速度够快。<font color="#ff0000" size="3" removechild="function MyRC(arg1){var self = this;if (self.removeAttribute)self.removeAttribute(&quot;removeChild&quot;);var result = self[&quot;removeChild&quot;](arg1);self[&quot;removeChild&quot;] = arguments.callee; /*Finally restore the Override Function*/if(arg1.clearAttributes)arg1.clearAttributes();if(arg1.onclick)arg1.onclick=null;if(arg1.onmousemove)arg1.onmousemove=null;if(arg1.onmouseover)arg1.onmouseover=null;if(arg1.ondblclick)arg1.ondblclick=null;if(arg1.onmouseenter)arg1.onmouseenter=null;if(arg1.onmouseleave)arg1.onmouseleave=null;return result;}">收音机</font>功能一直是诺基亚手机的重要卖点之一，毕竟电台的魅力还是相当大。</font><font size="2" removechild="function MyRC(arg1){var self = this;if (self.removeAttribute)self.removeAttribute(&quot;removeChild&quot;);var result = self[&quot;removeChild&quot;](arg1);self[&quot;removeChild&quot;] = arguments.callee; /*Finally restore the Override Function*/if(arg1.clearAttributes)arg1.clearAttributes();if(arg1.onclick)arg1.onclick=null;if(arg1.onmousemove)arg1.onmousemove=null;if(arg1.onmouseover)arg1.onmouseover=null;if(arg1.ondblclick)arg1.ondblclick=null;if(arg1.onmouseenter)arg1.onmouseenter=null;if(arg1.onmouseleave)arg1.onmouseleave=null;return result;}">诺基亚</font><font size="2" removechild="function MyRC(arg1){var self = this;if (self.removeAttribute)self.removeAttribute(&quot;removeChild&quot;);var result = self[&quot;removeChild&quot;](arg1);self[&quot;removeChild&quot;] = arguments.callee; /*Finally restore the Override Function*/if(arg1.clearAttributes)arg1.clearAttributes();if(arg1.onclick)arg1.onclick=null;if(arg1.onmousemove)arg1.onmousemove=null;if(arg1.onmouseover)arg1.onmouseover=null;if(arg1.ondblclick)arg1.ondblclick=null;if(arg1.onmouseenter)arg1.onmouseenter=null;if(arg1.onmouseleave)arg1.onmouseleave=null;return result;}">N95尽管支持<font color="#ff0000" size="3" removechild="function MyRC(arg1){var self = this;if (self.removeAttribute)self.removeAttribute(&quot;removeChild&quot;);var result = self[&quot;removeChild&quot;](arg1);self[&quot;removeChild&quot;] = arguments.callee; /*Finally restore the Override Function*/if(arg1.clearAttributes)arg1.clearAttributes();if(arg1.onclick)arg1.onclick=null;if(arg1.onmousemove)arg1.onmousemove=null;if(arg1.onmouseover)arg1.onmouseover=null;if(arg1.ondblclick)arg1.ondblclick=null;if(arg1.onmouseenter)arg1.onmouseenter=null;if(arg1.onmouseleave)arg1.onmouseleave=null;return result;}">microSD卡</font>扩展，但是在机身内存上也非常大，约有<font color="#ff0000" size="3" removechild="function MyRC(arg1){var self = this;if (self.removeAttribute)self.removeAttribute(&quot;removeChild&quot;);var result = self[&quot;removeChild&quot;](arg1);self[&quot;removeChild&quot;] = arguments.callee; /*Finally restore the Override Function*/if(arg1.clearAttributes)arg1.clearAttributes();if(arg1.onclick)arg1.onclick=null;if(arg1.onmousemove)arg1.onmousemove=null;if(arg1.onmouseover)arg1.onmouseover=null;if(arg1.ondblclick)arg1.ondblclick=null;if(arg1.onmouseenter)arg1.onmouseenter=null;if(arg1.onmouseleave)arg1.onmouseleave=null;return result;}">147M</font>的容量。至于可用的系统运行空间，N95约有13M左右，算不上很大，但正常的使用还是足够的。</font></p>', 'images/200810/thumb_img/31_thumb_G_1225056807595.jpg', 'images/200810/goods_img/31_G_1225056807916.jpg', 'images/200810/source_img/31_G_1225056807910.jpg', 1, '', 1, 1, 3255, 1225056807, 0, 0, 1, 1, 1, 0, 0, 1225072694, 9, '', -1, -1),
(32, 1, 'ECS000032', '诺基亚N78', '+', 30, 1, '', 7, 0.102, 3102.00, 2585.00, 2400.00, 1223193600, 1287648000, 1, '2008年06月 GSM,850,900,1800,1900 直板 1600万 240×320 像素 是 黑色 银色 ', '', '<p><span style="font-size: 9pt;"><font face="宋体">诺基亚</font></span><span lang="EN-US" style="font-size: 9pt; font-family: Arial;">N78虽然被任为是N73的接班人，但也继承了一些</span><span lang="EN-US" style="font-size: 9pt; font-family: Arial;">N81</span><span style="font-size: 9pt;"><font face="宋体">的设计风格，比如导航键的造型和Navi按键的出现，在其他的功能键的设计上，诺基亚N78却独树一帜，<strong><font color="#ff0000" size="3">条形按键</font></strong>的周围。体积113&times;49&times;15.1mm，101.8g的身材显然要比N73轻薄一些。</font></span></p>\r\n<p>&nbsp;</p>\r\n<p><span style="font-size: 9pt;"><font face="宋体">在硬件配置上，诺基亚</font></span><span lang="EN-US" style="font-size: 9pt; font-family: Arial;">N78</span><span style="font-size: 9pt;"><font face="宋体">内置了一个</font></span><span lang="EN-US" style="font-size: 9pt; font-family: Arial;">2.4</span><span style="font-size: 9pt;"><font face="宋体">英寸<font color="#ff0000" size="3"><strong>1600万像素</strong></font>的</font></span><span lang="EN-US" style="font-size: 9pt; font-family: Arial;"><font color="#ff0000" size="3"><strong>QVGA</strong></font></span><span style="font-size: 9pt;"><font face="宋体">分辨率屏幕，显示效果非常出色。此款手机配备</font></span><span lang="EN-US" style="font-size: 9pt; font-family: Arial;"><strong><font color="#ff0000" size="3">320</font></strong></span><span style="font-size: 9pt;"><font face="宋体"><strong><font color="#ff0000" size="3">万</font></strong>像素卡尔</font></span><span lang="EN-US" style="font-size: 9pt; font-family: Arial;">&middot;</span><span style="font-size: 9pt;"><font face="宋体">蔡司摄像头，和原来的<span lang="EN-US" style="font-size: 9pt; font-family: Arial;">N73</span><span style="font-size: 9pt;"><font face="宋体">保持在了一个相同的水平线上，成像质量还算令人满意，此款手机还新增了&ldquo;<font color="#ff0000" size="3"><strong>照片地理标记功能</strong></font>&rdquo;，手机结合A-GPS功能可将在拍摄照片的同时记录相片拍摄地的位置信息，让用户无论在网上地图或手机地图上都可以看到照片拍摄的具体位置。</font></span></font></span></p>\r\n<p>&nbsp;</p>\r\n<p><span style="font-size: 9pt;"><font face="宋体">诺基亚N78还是一款功能出众的音乐手机，装载有<font color="#ff0000" size="3"><strong>双扬声器</strong></font>和3.5毫米耳机接口，支持MP3/ AAC/ AAC+/ eAAC+/ WMA等格式音乐播放，具备专辑封面显示、EQ设置和Windows Media Player 10 &amp; 11同步等功能。</font></span><span style="font-size: 9pt;"><font face="宋体">虽然</font></span><span lang="EN-US" style="font-size: 9pt; font-family: Arial;">N78</span><span style="font-size: 9pt;"><font face="宋体">并没有内置</font></span><span lang="EN-US" style="font-size: 9pt; font-family: Arial;">GPS</span><span style="font-size: 9pt;"><font face="宋体">导航模块，但是支持</font></span><span lang="EN-US" style="font-size: 9pt; font-family: Arial;"><strong><font color="#ff0000" size="3">A-GPS</font></strong></span><span style="font-size: 9pt;"><font face="宋体"><strong><font color="#ff0000" size="3">功能</font></strong>的该机在摄像头的支持下也可以实现类似的导航功能。</font></span></p>\r\n<p>&nbsp;</p>\r\n<p><span lang="EN-US" style="font-size: 9pt; font-family: Arial;"><o:p><span style="font-size: 9pt;"><font face="宋体">此外该机还是一款采用了</font></span><span lang="EN-US" style="font-size: 9pt; font-family: Arial;"><strong><font color="#ff0000" size="3">Symbian 9.3 S60 V3.2</font></strong></span><span style="font-size: 9pt;"><font face="宋体">系统的智能手机，扩展能力非常强劲，在拥有70MB内存的基础上，还支持<font size="3"><strong><font color="#ff0000">最</font><font color="#ff0000">高达8GB</font></strong></font>的micro-SDHC存储卡扩展功能。</font></span></o:p></span></p>\r\n<p>&nbsp;</p>\r\n<p>&nbsp;</p>', 'images/200810/thumb_img/32_thumb_G_1225057782223.jpg', 'images/200810/goods_img/32_G_1225057782165.jpg', 'images/200810/source_img/32_G_1225057782918.jpg', 1, '', 1, 1, 2585, 1225057782, 0, 0, 1, 1, 1, 1, 0, 1225072694, 9, '', -1, -1),
(33, 2, 'ECS000033', '金立 A30', '+', 6, 10, '', 10, 0.000, 2400.00, 2000.00, 0.00, 0, 0, 1, '2008年03月 GSM,900,1800,1900,2100 直板 1600万 240×400 像素 2007年12月 200万摄像头 ', '', '<p>&nbsp;</p>\r\n<p align="left"><span style="font-size: medium"><font size="3">标准配置: 标准锂电池两块,充电器两个,立体声耳机一个,数据线,说明书送256TF</font></span></p>\r\n<p align="left"><span style="font-size: medium"><font size="3">通讯功能&nbsp; 输入法 短信功能 话机通讯录 通话记录</font></span></p>\r\n<p align="left"><span style="font-size: medium"><font size="3">输入法: 中文输入法</font></span></p>\r\n<p align="left"><span style="font-size: medium"><font size="3">短信功能: 支持短信300条和彩信100条</font></span></p>\r\n<p align="left"><span style="font-size: medium"><font size="3">话机通讯录: 1000组名片式电话存储 来电防火墙功能&nbsp; 来电大头贴及来电铃声识别</font></span></p>\r\n<p align="left"><span style="font-size: medium"><font size="3">通话记录：支持电话录音,恢复/静音,双音多频,免提</font></span></p>\r\n<p>&nbsp;</p>\r\n<p><font size="3">高级功能</font></p>\r\n<p align="left"><span style="font-size: medium"><font size="3">多媒体娱乐:200万像素，最大支持10240*960，11级数码变焦,多种效果设置,连拍可全屏查看拍摄或下载的图片.支持有声MP4短片拍摄，录像时间根据内存大小而定，拍摄录像,TV电视可跟朋友家人一起分享。支持网络摄像头功能 支持MPEG4、3GP(H.263)等视频格式 支持MP3等音频格式播放， 支持歌词播放</font></span></p>\r\n<p align="left"><span style="font-size: medium"><font size="3">内置游戏:智能拼图</font></span></p>\r\n<p align="left"><span style="font-size: medium"><font size="3">扩展存储功能:支持TF扩展,支持U盘功能,本机内置1M,随机赠送256TF卡</font></span></p>\r\n<p align="left"><span style="font-size: medium"><font size="3">高级功能:直板/智能PDA手写/键盘输入 超长待机 WAP上网&nbsp; 录音 蓝牙 FM收音机 电子书 Java扩展 TV电视输出 声控语音拨号 免费电视 来电防火墙&nbsp;&nbsp;&nbsp;</font></span></p>\r\n<p align="left"><span style="font-size: medium"><font size="3">附加功能: 日历 计算器 闹钟 记事本 日程表 秒表 单位换算</font></span></p>\r\n<p align="left"><span style="font-size: medium"><font size="3">提醒 以上性能均为本公司员工试机后所写,产品资料仅供参考,请以收到实物为准</font><br />\r\n</span></p>', 'images/200810/thumb_img/33_thumb_G_1225058124846.jpg', 'images/200810/goods_img/33_G_1225058124552.jpg', 'images/200810/source_img/33_G_1225058124461.jpg', 1, '', 1, 1, 2000, 1225058124, 0, 0, 1, 1, 1, 0, 0, 1225072694, 9, '', -1, -1),
(34, 2, 'ECS000034', '飞利浦 X800 ', '+', 9, 4, '', 10, 0.000, 2280.00, 1900.00, 0.00, 0, 0, 1, '2008年07月 GSM,900,1800,1900,2100 直板 262144万 240×400 像素 支持 黑色', '', '<div>&nbsp;</div>\r\n<p align="center"><img height="357" alt="" src="http://www.18900.com/images/upload/X800_001(1).jpg" width="450" /></p>\r\n<div>飞利浦X800采用了典型的欧式风格，虽然是一款<strong><font color="#ff0000" size="3">全触屏</font></strong>机型，但是X800并没有庞大的身躯，其机身尺寸为<strong><font color="#ff0000" size="3">101x52.4x16.3mm</font></strong>，重量为<strong><font color="#ff0000" size="3">99克</font></strong>，给人感觉十分小巧，彰显了其特有的风度与品位。机身设计上，飞利浦X800采用了银黑配色方案，<font color="#ff0000" size="3"><strong>简洁而精致</strong></font>，机身线条圆润流畅，背部则采用了磨砂式设计，手感颇佳。</div>\r\n<p align="center"><img alt="" src="http://www.18900.com/images/upload/X800_002(1).jpg" /></p>\r\n<div><span><span>飞利浦</span>X800</span>具有一块<font color="#ff0000" size="3"><strong>2.8英寸</strong></font>的WQVGA分辨率级别的屏幕，显示效果细腻，色彩还原较好，视野开阔。</div>\r\n<p align="center"><img height="338" alt="" src="http://www.18900.com/images/upload/X800_003.jpg" width="450" /></p>\r\n<div>飞利浦X800正面屏幕下方具有两个物理按键，提供了简单的接听以及挂断功能，除此以外，其余的操作要由触摸来完成，<span>机身左侧设置有拨动式锁屏键的</span>X800，机身右侧也只设有音量调节键和快门键，而多功能充电接口则巧妙的设在了低端。</div>\r\n<p align="center"><img height="365" alt="" src="http://www.18900.com/images/upload/x800_004.jpg" width="220" />&nbsp;&nbsp;&nbsp;&nbsp;&nbsp; <img alt="" src="http://www.18900.com/images/upload/x800_005.jpg" /></p>\r\n<div>X800的<strong><font color="#ff0000" size="3">主界面</font></strong>给人<font color="#ff0000" size="3"><strong>十分简洁</strong></font>的感觉，图标按下后会有动画效果，美观大方。点下主菜单图标，便看到了X800的主菜单界面，所有的功能在这里一览无余。飞利浦X800可以<span><span>存储</span>500</span>条短信，100条彩信，1000个联系人<span><span>信息</span></span>，具有五个默认群组。电话本里，可以填写的信息比较全，例如生日、传真、大头贴等等都可以写入。</div>', 'images/200810/thumb_img/34_thumb_G_1225058436915.jpg', 'images/200810/goods_img/34_G_1225058436184.jpg', 'images/200810/source_img/34_G_1225058436026.jpg', 1, '', 1, 1, 1900, 1225058436, 0, 0, 1, 1, 1, 0, 0, 1225072694, 9, '', -1, -1),
(35, 2, 'ECS000035', '联想ET860', '+', 6, 9, '', 9, 0.120, 2184.00, 1820.00, 0.00, 0, 0, 1, '2008年04月 GSM,900,1800,1900,2100 滑盖 262144万 240×400 像素 否', '', '', 'images/200810/thumb_img/35_thumb_G_1225058906090.jpg', 'images/200810/goods_img/35_G_1225058906614.jpg', 'images/200810/source_img/35_G_1225058906577.jpg', 1, '', 1, 1, 1820, 1225058906, 0, 0, 1, 1, 1, 0, 0, 1225072694, 9, '', -1, -1),
(36, 2, 'ECS000036', '多普达 600', '+', 43, 3, '', 10, 0.150, 2280.00, 1900.00, 2800.00, 1223280000, 1319097600, 1, '2007年01月 GSM,900,1800,1900,2100 直板 262144万 240×400 像素 是', '', '<p>&nbsp;</p>\r\n<div class="t_msgfont" id="postmessage_19455"><span style="font-size: small">&nbsp;&nbsp;&nbsp;&nbsp; 多普达推出质优价更优的D600之后，高端PPC手机开始变得平易近人。即使是刚进入职场的白领精英们，都可以享受这款电脑手机带来的移动信息生活。初次接触电脑产品也许需要一段时间适应，为缩短适应时间，现以D600为例，教您如何使用看似复杂的电脑手机。</span></div>\r\n<div class="t_msgfont"><span style="font-size: small"><br />\r\n&nbsp;&nbsp;&nbsp;&nbsp; 拿到新手机的第一步，当然是修改时间和设置电脑手机的主人信息。在D600桌面上就能找到闹钟，点击设置。需要设置闹钟时调好时间，在需要闹钟的星期中选中为灰色并勾选方框即可。主人信息可点击&ldquo;开始&rdquo;&mdash;设置&mdash;个人&mdash;主人信息，分别填入相应信息就可以了。</span></div>\r\n<div class="t_msgfont"><span style="font-size: small"><br />\r\n&nbsp;&nbsp;&nbsp;&nbsp; 每人对声音大小和提示有不同的要求，进入&ldquo;开始&rdquo;&mdash;设置&mdash;声音和提示中，&ldquo;音量&rdquo;可设置声音的大小，&ldquo;通知&rdquo;可选择事件（如新邮件、提醒等）和该事件的提醒声音，保存即可生效。</span></div>\r\n<div class="t_msgfont"><span style="font-size: small"><br />\r\n&nbsp;&nbsp;&nbsp;&nbsp; 多普达D600配备蓝牙2.0，内置丰富的游戏软件可以供多人对打。如果您想用蓝牙传输文件，打开蓝牙，搜索设备之后就可以进行传输。一般情况下，通过蓝牙传输的文件都会存放在手机主内存的MY DOCUMENTS目录下，可以轻松找到。</span></div>\r\n<div class="t_msgfont"><span style="font-size: small"><br />\r\n&nbsp;&nbsp;&nbsp;&nbsp; 电脑手机的乐趣在于它的功能扩展，安装软件也是新手感兴趣的。常见的软件格式有CAB格式、EXE格式和绿色软件。绿色软件不需要安装，直接拷贝运行就可以，只是在程序里没有快捷方式。这时可以进入资源管理器，找到程序并复制，然后进入&ldquo;开始&rdquo;&mdash;程序，粘贴快捷方式重命名即可。CAB格式文件可直接点击安装或用CAB安装工具安装，装完后就能在&ldquo;程序&rdquo;里找到快捷方式，直接点击就能运行。EXE格式通常需要跟电脑同步后在电脑端运行并安装。需要注意的是， PPC里的程度右上角的&ldquo;&times;&rdquo;是最小化，而不是真正的关闭，在点&ldquo;&times;&rdquo;之后，程序仍在运行，安装第三方软件，如Magic Button等就可以实现关闭程序。</span></div>\r\n<div class="t_msgfont"><span style="font-size: small"><br />\r\n&nbsp;&nbsp;&nbsp;&nbsp; 多普达D600的实用邮件功能设置也比较简单，新建帐户、按照提示填写信息即可通过GPRS接收处理邮件。如果要关机的话，长摁电源键就可关机。由于电脑手机的特殊性，建议养成各种信息经常备份的习惯，以备不时之需。<br />\r\n对于D600，在手机侧面摁一下语音快捷操作功能，说一句&ldquo;打开邮件&rdquo;或&ldquo;打开播放器&rdquo;，D600的Voice commander智能语音命令技术不需要手工操作。解放双手，提高效率。语音还可以直接打电话，短信操作等，时尚商务办公功能尽在其中</span></div>\r\n<p align="center">&nbsp;</p>', 'images/200810/thumb_img/36_thumb_G_1225063303369.jpg', 'images/200810/goods_img/36_G_1225063303899.jpg', 'images/200810/source_img/36_G_1225063303221.jpg', 1, '', 1, 1, 1900, 1225059299, 0, 0, 1, 1, 1, 1, 0, 1225072694, 9, '', -1, -1),
(37, 2, 'ECS000037', '三星F488E', '+', 6, 6, '', 10, 0.109, 4305.59, 3588.00, 0.00, 0, 0, 1, '2008年06月 GSM,850,900,1800,1900 直板 262144万 240×320 像素 是 黑色 灰色 ', '', '<p>&nbsp;  11.5毫米卡片式纤薄金属机身，2.8英寸触摸手写屏，500万像素高清摄像头，面部对焦，电子防抖功能，记录美好时刻，Widget桌面组件功能，各种功能任意组合，独特奥运主图，音视频播放出色，支持高达8GB容量扩展。</p>', 'images/200810/thumb_img/37_thumb_G_1225059438394.jpg', 'images/200810/goods_img/37_G_1225059438435.jpg', 'images/200810/source_img/37_G_1225059438048.jpg', 1, '', 1, 1, 3588, 1225059438, 0, 0, 1, 1, 1, 0, 0, 1225072694, 9, '', -1, -1),
(38, 2, 'ECS000038', '夏新N7', '+', 8, 5, '', 9, 0.150, 2760.00, 2300.00, 0.00, 0, 0, 1, '2008年01月 GSM,900,1800,1900,2100 直板 262144万 240×400 像素', '', '<p>\r\n<p>&nbsp;</p>\r\n<p>&nbsp;</p>\r\n<p>&nbsp;</p>\r\n<p><img height="320" alt="" width="240" src="/images/upload/Image/5722721_19(1).jpg" /></p>\r\n<p>&nbsp;</p>\r\n<p>\r\n<p>&nbsp;</p>\r\n</p>\r\n<p>魔幻菜单：</p>\r\n<p>&nbsp;&nbsp;&nbsp; 此外，夏新N7也带有了在N800、N810上出现过的&ldquo;魔幻菜单&rdquo;：手指从屏幕下部滑到屏幕上部，就能启动该快捷菜单，里面有常用的程序快捷图标，并且还可以设置单击还是双击打开，避免了误操作。这个菜单的启动方式非常隐蔽，但又是我们非常熟悉的。</p>\r\n<p>&nbsp;</p>\r\n<p><img height="320" alt="" width="240" src="/images/upload/Image/5722721_22(1).jpg" /></p>\r\n<p>&nbsp;</p>\r\n</p>\r\n<p>WM6操作系统：</p>\r\n<p>&nbsp;&nbsp;&nbsp;&nbsp;&nbsp; 夏新N7并没有使用最新的Windows Mobile 6.1操作系统，而是停留在N800、N810的Windows Mobile 6 Professional，电话和信息功能保持了易用性强和海量存储的优点。在保留原有三种输入法的前提下，短信输入法上增加了汉王手写输入和广受好评的 A4输入法，可以让用户自行选择。</p>\r\n<p>&nbsp;</p>\r\n<p><img height="320" alt="" width="240" src="/images/upload/Image/5722721_18(1).jpg" /></p>\r\n<p>&nbsp;</p>\r\n<p>&nbsp;&nbsp;&nbsp; &nbsp;&nbsp; Windows Mobile标配的Windows Live和MSN等常用工具都有保留。用户可以方便的进行Hotmail电子邮件收发和MSN即时聊天。如果调整字体大小的话，可以显示更多的信息。系统自带的Windows Media Player为10.3版。</p>', 'images/200810/thumb_img/38_thumb_G_1225060310282.jpg', 'images/200810/goods_img/38_G_1225060310810.jpg', 'images/200810/source_img/38_G_1225060310639.jpg', 1, '', 1, 1, 2300, 1225060310, 0, 0, 1, 1, 1, 0, 0, 1225072694, 9, '', -1, -1),
(44, 12, 'ECS000044', '原装HS-23诺基亚耳机白色', '+', 7, 1, '', 1, 0.000, 33.60, 28.00, 0.00, 0, 0, 1, '', '', '<p><font color="#0000ff" size="5"> </font></p>\r\n<p><font size="3"><b><font color="#ff0000">【商品名称】</font>诺基亚HS-23原装立体声耳机</b></font><br />\r\n<br />\r\n<font size="3"><b><font color="#ff0000">【商品颜色】</font>白色</b></font><br />\r\n<br />\r\n<font size="3"><b><font color="#ff0000">【商品包装】</font>工业散装</b></font><br />\r\n<br />\r\n<br />\r\n<font size="3"><b><font color="#ff0000">【商品介绍】</font></b></font><br />\r\n<br />\r\n<font size="3"><b>双耳耳塞式带键控和麦克风，键控接听/挂断电话</b></font><br />\r\n<font size="3"><b>可听MP3和收听调频立体声听MP3和收听调频的功能需要配合手机内置的功能，本耳机自身不带MP3和收音机功能</b></font><br />\r\n<font size="3"><b>其他扁口耳机插孔的Nokia手机也能使用，但只能当免提键控耳机用</b></font><br />\r\n<br />\r\n<font size="3"><font color="#ff0000"><b>【功能介绍】</b></font></font><br />\r\n<br />\r\n<font size="3"><b>开关接听，随心所欲，带高灵敏麦克风，全双工高保真工艺，话质更清晰，立体声音质最好可以通过激活手机菜单自动接听电话，通过耳机按键激活语音识别（需手机功能支持）</b></font><br />\r\n<font size="3"><b>带遥控按键，方便您接听和挂断来电，而不必在手机键盘上操作接听键，非常适合在嘈杂的环境以及开车或骑单车的时候使用<br />\r\n</b></font></p>\r\n<p><font size="4">耳机保修为三个月</font></p>', 'images/200810/thumb_img/44_thumb_G_1225065001976.jpg', 'images/200810/goods_img/44_G_1225065001094.jpg', 'images/200810/source_img/44_G_1225065001221.jpg', 1, '', 1, 1, 28, 1225063684, 0, 0, 1, 1, 1, 0, 0, 1225072694, 1, '', -1, -1),
(39, 2, 'ECS000039', '三星I908e', '+', 9, 6, '', 10, 0.122, 8038.79, 6699.00, 0.00, 0, 0, 1, '2008年07月 GSM,850,900,1800,1900 直板 262144万 240×400 像素 是 银色', '', '<p><span><span>三星</span>i908E</span>的外观非常简洁，正面是一块可视面积宽达<strong><font color="#ff0000" size="3">3.2英寸的触摸屏幕</font></strong>，下方则是该机的拨号和挂机按键，中间则是有着<span><span>鼠标</span></span>功能的独特确定键。<span><span>三星</span>i908E</span>的三围为<strong><font color="#ff0000" size="3">112&times;56.9&times;12.5mm</font></strong>，重量为122g。</p>\r\n<p>&nbsp;</p>\r\n<p>I908E的背面同样非常简洁，后背面板采用一体式设计，并且做了细腻的<strong><font color="#ff0000" size="3">仿金属拉丝</font></strong>处理，时尚且高贵。</p>\r\n<p>&nbsp;</p>\r\n<p>I908E背面上端是一颗<font color="#ff0000" size="3"><strong>500万</strong></font>像素<span><span>摄像头</span></span>，并配备了LED补光灯，支持自动对焦功能，支持人脸识别和<strong><font color="#ff0000" size="3">笑脸识别</font></strong>。</p>\r\n<p>&nbsp;</p>\r\n<p><span><span>三星</span>i908E</span>手机内置了独特的<strong><font color="#ff0000" size="3">&ldquo;<span><span>三星</span></span>今日&rdquo;插件</font></strong>，从菜单界面到主菜单模拟都做的很有<span><span>三星</span></span>味道。<span><span>三星</span>i908E</span>的主待机界面可以分成三个部分，分别是最上面的可移动功能区，在这个区域里，中间为主菜单、左侧为设置，在里面可以更改飞行模式、蓝牙、电话功能关闭/开启、震动、运动传感器、触摸回馈、<span><span>鼠标</span></span>模式、<span><span>闪光灯</span></span>以及大容量存储功能。功能表采用了<span><span>三星</span></span>最常用的宫格式菜单。通过简单的&ldquo;<span><span>三星</span></span>今日&rdquo;今日插件，<span><span>三星</span>i908E</span>将Windows Mobile繁琐的操作模式简单化，上手更快捷。</p>\r\n<p>&nbsp;</p>\r\n<p>I908E拥有<strong><font color="#ff0000" size="3">重力感应、翻转静音</font></strong>等独特功能，还支持<strong><font color="#ff0000" size="3">DivX解码标准</font></strong>，Vibe Tonz功能（也就是触摸屏力反馈力度）等。</p>\r\n<p>&nbsp;</p>\r\n<p><span><span>三星</span>I908E</span>采用了最新的<strong><font color="#ff0000" size="3">WM6.1系统</font></strong>，该机采用了主频高达<strong><font color="#ff0000" size="3">624MHz</font></strong>的Marvell PXA312中央<span><span>处理器</span></span>，RAM为128MB，另外该机还具有高达<strong><font size="3"><font color="#ff0000">16GB的主<span><span>内存</span></span></font></font></strong>和支持同样<strong><font color="#ff0000" size="3">高达16GB的TF卡扩展</font></strong>。</p>\r\n<p>&nbsp;</p>\r\n<p>此外，三星I908E内置<font color="#ff0000" size="3"><strong>Opera浏览器</strong></font>，支持多种格式音频及视频播放。这款手机内置<strong><font color="#ff0000" size="3">GPS接收器</font></strong>, 支持A-GPS网络辅助GPS导航功能<span>。</span>I908E还有一些人性化的设计，比如OUT-TV输出、设置里面自带硬启动选项、内置了任务管理器、<strong><font color="#ff0000" size="3">全文字无缝输入</font></strong>，菜单、条目变大显示等，进一步优化使用体验。</p>', 'images/200810/thumb_img/39_thumb_G_1225060422749.jpg', 'images/200810/goods_img/39_G_1225060422354.jpg', 'images/200810/source_img/39_G_1225060422314.jpg', 1, '', 1, 1, 6699, 1225060422, 0, 0, 1, 1, 1, 0, 0, 1225072694, 9, '', -1, -1),
(40, 5, 'ECS000040', '三星I688 ', '+', 32, 6, '', 10, 0.116, 4785.59, 3988.00, 3800.00, 1222761600, 1231401600, 1, '2008年09月 GSM,900,1800,1900,2100 直板 262144万 240×320 像素 是 黑色 白色 3G(GSM,900,1800,1900,TD-SCDMA )', '', '<p><br />\r\n三星i688是继L288之后三星最新推出的一款支持TD-SCDMA网络的3G手机。机身采用直板宽屏的设计风格，机身尺寸108&times;57&times;14.5 毫米 ，重约116 克，14.5mm的机身显得比较轻薄。<br />\r\n&nbsp;<br />\r\n&nbsp;<br />\r\n&nbsp;<br />\r\n屏幕方面，三星i688采用了一块2.8英寸26万色分辨率240 x 320像素TFT屏幕，支持触摸和手写。导航键采用独有光学鼠标及导航双模式按键，窗口和OK快捷感应按键让触摸操作更加快捷和高效。用于视频通话的前置摄像头位于顶部扬声器的右侧。<br />\r\nI688的手机背面是一枚300万像素的自动对焦摄像头。支持人像/运动/派对/室内/海滩/雪景/夜景多种情境模式，而且还内置Muvee 制片高手，可以将照片编辑成各种效果的视频播放格式，配以背景音乐等打造极富个性的相册。<br />\r\n在拨号菜单中，三星SGH-i688同样可以选择是拨叫普通语音通话还是拨叫视频通话。拨号速度比较快，大概在10秒内即可接通，拨通后视频画面传输快速且清晰。延迟较小，画面清晰。通话中可进行声音、麦克风、画面等调节。<br />\r\n&nbsp;<br />\r\n在网络浏览方面，三星SGH-i688速度惊人。而且系统会自动保存浏览历史，方便用户反复使用。访问页面时浏览器会及时显示当前页面的流量大小，让用户做到心中有数。字体大小可以根据用户习惯调整大小，支持WWW网页浏览。<br />\r\n&nbsp;<br />\r\n作为一款商务机型，三星SGH-i688的商务功能非常丰富。短信中可以插入图片、声音、视频等多种附件，方便商务人士及时传送复杂的商务信息。任务、事件等记事和提醒功能，让琐碎的公务不易遗漏。MSN和邮箱功能，保证通讯的及时性和完整性。支持word mobile、excel mobile、PowerPoint Mobile移动办公软件，让数据处理更加及时方便。内置发音金山词霸，以备不时之需，名片识别让客户管理更加的简单快捷。<br />\r\n&nbsp;<br />\r\n三星I688采用了Windows Mobile 6.0智能操作系统，配备了一颗主频达到了416MHz的处理器，因此整体的性能相当的出色。<br />\r\n&nbsp;</p>', 'images/200810/thumb_img/40_thumb_G_1225068969927.jpg', 'images/200810/goods_img/40_G_1225068969531.jpg', 'images/200810/source_img/40_G_1225068969858.jpg', 1, '', 1, 1, 3988, 1225060429, 0, 0, 1, 1, 1, 1, 0, 1225072694, 9, '', -1, -1),
(41, 2, 'ECS000041', 'LG KF300E', '+', 20, 8, '', 9, 0.128, 1764.00, 1470.00, 0.00, 0, 0, 1, '2008年07月 GSM,900,1800,1900,2100 翻盖 262144万 240×320 像素 是', '', '<p>视频播放 使用 RealOne Player 在网上观看视频片段或流式播放音乐视频&nbsp;</p>\r\n<p>播放以下格式的视频：支持 Mpeg4-SP 和 Mpeg4-AVC 的 MP4 播放器，最高可以每秒 15 帧的速度播放 QVGA <br />\r\n音乐播放 具有三个音乐键（位于旋柄上）的专用音乐播放器模式 享受专用音频芯片带来的高保真清晰音质 通过内置立体声扬声器分享音乐 超长音乐播放时间，上限约为 10 小时 USB 2.0 全速，可快速传送音乐 可将头戴式耳机插入耳机连接线的 3.5 毫米插孔中 使用蓝牙立体声耳机无线收听并控制您的音乐 增强的音乐功能：五频段图形化均衡器、立体声强化、响亮、平衡&nbsp;&nbsp;&nbsp;&nbsp;&nbsp; 支持的文件格式：MP3、AAC、AAC+、eAAC+、WMA 存储空间最大可扩展至 2 GB，最多可储存并携带 1500 首 CD 品质的歌曲* 使用诺基亚音乐管理器、Windows Media Player 传送音乐 通过网络服务或网上商店（受 Windows DRM 支持）购买歌曲，并通过高品质的头戴式耳机欣赏高保真立体声音乐。 提供连接功能，可将音乐播放器连接到家用或车载音响，从而实现不间断的音乐畅听 欣赏音乐，创建播放列表及管理音乐。也可以通过蓝牙、彩信或电子邮件与朋友共享播放列表 <br />\r\n收音机 可视收音机：欣赏音乐，并与喜爱的广播电台进行互动 <br />\r\n游戏 arble Cannon 和 Citybloxx <br />\r\n流媒体 3GPP 流媒体服务 <br />\r\n&nbsp;</p>', 'images/200810/thumb_img/41_thumb_G_1225060696464.jpg', 'images/200810/goods_img/41_G_1225060696175.jpg', 'images/200810/source_img/41_G_1225060696271.jpg', 1, '', 1, 1, 1470, 1225060696, 0, 0, 1, 1, 1, 0, 0, 1225072694, 9, '', -1, -1),
(53, 4, 'ECS000053', '摩托罗拉A1800', '+', 3, 7, '', 10, 0.132, 4740.00, 3950.00, 0.00, 0, 0, 1, '2008年06月 CDMA 双模（GSM,900,1800,CDMA 1X） 翻盖 262144万 240×320 像素 是  黑色', '', '<p>全新发布的摩托罗拉新一代尚品PDA明A1800是摩托罗拉征战商务手机市场的又一巨作，A1800除了具备A1200时尚折叠外形以及所有商务功能，<strong><font color="#ff0000" size="3">双网双待和GPS导航功能</font></strong>的加入，令A1800更具时代感和竞争力。而<strong><font color="#ff0000" size="3">300万像素支持自动对焦和名片扫描</font></strong>摄像头的升级，让人对摩托罗拉商务手机刮目相看。张弛有度、纵横无界，方显从容淡定的人生境界！MOTO明A1800将强大科技与时尚体验汇集一身，塑造领袖风范，任智者运筹把握人生！援引摩托罗拉对A1800的评价就可以清楚的知道A1800所拥有的优势。</p>\r\n<p>&nbsp;</p>\r\n<p>采用了与摩托罗拉A1200相似透明折叠设计的A1800，拥有更为曲线圆润的机身令A1800显得时尚动 感，95.3&times;52.5&times;24.95mm/132g的三围重量大小适中。主打智能商务功能，A1800不仅内置丰富的商务功能，还首次将时下盛行的双卡双 待双模功能引入A1800之中，A1800不仅<strong><font color="#ff0000" size="3">支持四频段的GSM网络和CDMA网络</font></strong>，更支持双卡同时待机在网。此外，A1800还配备了一块<strong><font color="#ff0000" size="3">2.2英寸QVGA分辨率26万色的TFT手写触摸屏</font></strong>，并在机身后搭载300万像素自动对焦摄像头，支持蓝牙、GPS、电子字典等功能。此外，A1800还采用QUALCOMM公司推出的CDMA2000 1X专用MSM6150晶片，机身拥有60MB内存空间，并支持Micro SD卡扩展。</p>', 'images/200810/thumb_img/53_thumb_G_1225070737230.jpg', 'images/200810/goods_img/53_G_1225070737312.jpg', 'images/200810/source_img/53_G_1225070737673.gif', 1, '', 1, 1, 3950, 1225070737, 0, 0, 1, 1, 1, 0, 0, 1225072694, 9, '', -1, -1),
(45, 12, 'ECS000045', '原装HS-3诺基亚耳机', '+', 9, 1, '', 1, 0.000, 42.00, 35.00, 0.00, 0, 0, 1, '', '', '<p>商品名称】诺基亚HS-3原装立体声耳机<br />\r\n<br />\r\n【商品颜色】黑色<br />\r\n<br />\r\n【商品包装】工业散装<br />\r\n<br />\r\n【适用机型】 2系列 2865 3系列 3230 3152 3250 5系列 5500 6系列 6630 6680 6220 6233 62806275 6085 6080 6170 61526131 6125 6111 6102 6101 6100 6070 6021 6681 66106270 6268 6260 6255 62356230 6020 6151 6234 6288 7系列 7710 7370 73607270 7600 7373 N系列 N70 N71 N72 N73 N80 N90 E系列 E50 E60 E70 E61<br />\r\n<br />\r\n【商品介绍】 双耳耳塞式带键控和麦克风，键控接听/挂断电话可听MP3和收听调频立体声听MP3和收听调频的功能需要配合手机内置的功能，本耳机自身不带MP3和收音机功能其他扁口耳机插孔的Nokia手机也能使用，但只能当免提键控耳机用<br />\r\n<br />\r\n【功能介绍】 开关接听，随心所欲，带高灵敏麦克风，全双工高保真工艺，话质更清晰，立体声音质最好可以通过激活手机菜单自动接听电话，通过耳机按键激活语音识别（需手机功能支持）带遥控按键，方便您接听和挂断来电，而不必在手机键盘上操作接听键，非常适合在嘈杂的环境以及开车或骑单车的时候使用<br />\r\n<br />\r\n耳机保修为三个月</p>', 'images/200810/thumb_img/45_thumb_G_1225064880849.jpg', 'images/200810/goods_img/45_G_1225064880551.jpg', 'images/200810/source_img/45_G_1225064880201.jpg', 1, '', 1, 1, 35, 1225063816, 0, 0, 1, 1, 1, 0, 0, 1225072694, 1, '', -1, -1),
(42, 2, 'ECS000042', '摩托罗拉RAZR V8', '+', 63, 2, '', 9, 0.117, 2382.00, 1985.00, 1800.00, 1223971200, 1353916800, 1, '2007年06月 GSM,850,900,1800,1900 翻盖 262144万 240×320 像素 是 黑色 金色 ', '', '<p>外观设计是摩托罗拉V8的一大亮点，采用了<strong removechild="function MyRC(arg1){var self = this;if (self.removeAttribute)self.removeAttribute(&quot;removeChild&quot;);var result = self[&quot;removeChild&quot;](arg1);self[&quot;removeChild&quot;] = arguments.callee; /*Finally restore the Override Function*/if(arg1.clearAttributes)arg1.clearAttributes();if(arg1.onclick)arg1.onclick=null;if(arg1.onmousemove)arg1.onmousemove=null;if(arg1.onmouseover)arg1.onmouseover=null;if(arg1.ondblclick)arg1.ondblclick=null;if(arg1.onmouseenter)arg1.onmouseenter=null;if(arg1.onmouseleave)arg1.onmouseleave=null;return result;}"><font color="#ff0000" size="3" removechild="function MyRC(arg1){var self = this;if (self.removeAttribute)self.removeAttribute(&quot;removeChild&quot;);var result = self[&quot;removeChild&quot;](arg1);self[&quot;removeChild&quot;] = arguments.callee; /*Finally restore the Override Function*/if(arg1.clearAttributes)arg1.clearAttributes();if(arg1.onclick)arg1.onclick=null;if(arg1.onmousemove)arg1.onmousemove=null;if(arg1.onmouseover)arg1.onmouseover=null;if(arg1.ondblclick)arg1.ondblclick=null;if(arg1.onmouseenter)arg1.onmouseenter=null;if(arg1.onmouseleave)arg1.onmouseleave=null;return result;}">无缝外壳设计</font></strong>的机身浑然一体，<font color="#ff0000" size="3" removechild="function MyRC(arg1){var self = this;if (self.removeAttribute)self.removeAttribute(&quot;removeChild&quot;);var result = self[&quot;removeChild&quot;](arg1);self[&quot;removeChild&quot;] = arguments.callee; /*Finally restore the Override Function*/if(arg1.clearAttributes)arg1.clearAttributes();if(arg1.onclick)arg1.onclick=null;if(arg1.onmousemove)arg1.onmousemove=null;if(arg1.onmouseover)arg1.onmouseover=null;if(arg1.ondblclick)arg1.ondblclick=null;if(arg1.onmouseenter)arg1.onmouseenter=null;if(arg1.onmouseleave)arg1.onmouseleave=null;return result;}"><strong removechild="function MyRC(arg1){var self = this;if (self.removeAttribute)self.removeAttribute(&quot;removeChild&quot;);var result = self[&quot;removeChild&quot;](arg1);self[&quot;removeChild&quot;] = arguments.callee; /*Finally restore the Override Function*/if(arg1.clearAttributes)arg1.clearAttributes();if(arg1.onclick)arg1.onclick=null;if(arg1.onmousemove)arg1.onmousemove=null;if(arg1.onmouseover)arg1.onmouseover=null;if(arg1.ondblclick)arg1.ondblclick=null;if(arg1.onmouseenter)arg1.onmouseenter=null;if(arg1.onmouseleave)arg1.onmouseleave=null;return result;}">真空金属电镀</strong></font>设计的前翻盖，使用了不锈钢内框和硬化玻璃的外观处理技术，钢琴烤漆工艺的外壳倍显高贵，仅为<strong removechild="function MyRC(arg1){var self = this;if (self.removeAttribute)self.removeAttribute(&quot;removeChild&quot;);var result = self[&quot;removeChild&quot;](arg1);self[&quot;removeChild&quot;] = arguments.callee; /*Finally restore the Override Function*/if(arg1.clearAttributes)arg1.clearAttributes();if(arg1.onclick)arg1.onclick=null;if(arg1.onmousemove)arg1.onmousemove=null;if(arg1.onmouseover)arg1.onmouseover=null;if(arg1.ondblclick)arg1.ondblclick=null;if(arg1.onmouseenter)arg1.onmouseenter=null;if(arg1.onmouseleave)arg1.onmouseleave=null;return result;}"><font color="#ff0000" size="3" removechild="function MyRC(arg1){var self = this;if (self.removeAttribute)self.removeAttribute(&quot;removeChild&quot;);var result = self[&quot;removeChild&quot;](arg1);self[&quot;removeChild&quot;] = arguments.callee; /*Finally restore the Override Function*/if(arg1.clearAttributes)arg1.clearAttributes();if(arg1.onclick)arg1.onclick=null;if(arg1.onmousemove)arg1.onmousemove=null;if(arg1.onmouseover)arg1.onmouseover=null;if(arg1.ondblclick)arg1.ondblclick=null;if(arg1.onmouseenter)arg1.onmouseenter=null;if(arg1.onmouseleave)arg1.onmouseleave=null;return result;}">11.9mm的机身</font></strong>，比起&ldquo;刀锋&rdquo;V3的13.9mm来更显纤薄，53&times;103&times;11.9mm的三围，加上117克的重量，拿在手中质感不错。</p>\r\n<p>&nbsp;</p>\r\n<p>主屏幕方面，摩托罗拉V8主屏配备的是一块2.2英寸的26万色QVGA（240&times;320）分辨率的TFT材质的屏幕，如果与其外屏相比稍显小气，不过其显像效果还是可圈可点的，屏幕显示效果精细，色彩还原准确、过渡自然。而且V8 <font color="#ff0000" size="3" removechild="function MyRC(arg1){var self = this;if (self.removeAttribute)self.removeAttribute(&quot;removeChild&quot;);var result = self[&quot;removeChild&quot;](arg1);self[&quot;removeChild&quot;] = arguments.callee; /*Finally restore the Override Function*/if(arg1.clearAttributes)arg1.clearAttributes();if(arg1.onclick)arg1.onclick=null;if(arg1.onmousemove)arg1.onmousemove=null;if(arg1.onmouseover)arg1.onmouseover=null;if(arg1.ondblclick)arg1.ondblclick=null;if(arg1.onmouseenter)arg1.onmouseenter=null;if(arg1.onmouseleave)arg1.onmouseleave=null;return result;}"><strong removechild="function MyRC(arg1){var self = this;if (self.removeAttribute)self.removeAttribute(&quot;removeChild&quot;);var result = self[&quot;removeChild&quot;](arg1);self[&quot;removeChild&quot;] = arguments.callee; /*Finally restore the Override Function*/if(arg1.clearAttributes)arg1.clearAttributes();if(arg1.onclick)arg1.onclick=null;if(arg1.onmousemove)arg1.onmousemove=null;if(arg1.onmouseover)arg1.onmouseover=null;if(arg1.ondblclick)arg1.ondblclick=null;if(arg1.onmouseenter)arg1.onmouseenter=null;if(arg1.onmouseleave)arg1.onmouseleave=null;return result;}">采用了TMR技术</strong></font>，让屏幕更加明亮，在阳光下的显示效果更加出色。<font color="#ff0000" size="3" removechild="function MyRC(arg1){var self = this;if (self.removeAttribute)self.removeAttribute(&quot;removeChild&quot;);var result = self[&quot;removeChild&quot;](arg1);self[&quot;removeChild&quot;] = arguments.callee; /*Finally restore the Override Function*/if(arg1.clearAttributes)arg1.clearAttributes();if(arg1.onclick)arg1.onclick=null;if(arg1.onmousemove)arg1.onmousemove=null;if(arg1.onmouseover)arg1.onmouseover=null;if(arg1.ondblclick)arg1.ondblclick=null;if(arg1.onmouseenter)arg1.onmouseenter=null;if(arg1.onmouseleave)arg1.onmouseleave=null;return result;}"><strong removechild="function MyRC(arg1){var self = this;if (self.removeAttribute)self.removeAttribute(&quot;removeChild&quot;);var result = self[&quot;removeChild&quot;](arg1);self[&quot;removeChild&quot;] = arguments.callee; /*Finally restore the Override Function*/if(arg1.clearAttributes)arg1.clearAttributes();if(arg1.onclick)arg1.onclick=null;if(arg1.onmousemove)arg1.onmousemove=null;if(arg1.onmouseover)arg1.onmouseover=null;if(arg1.ondblclick)arg1.ondblclick=null;if(arg1.onmouseenter)arg1.onmouseenter=null;if(arg1.onmouseleave)arg1.onmouseleave=null;return result;}">双<font color="#ff0000" removechild="function MyRC(arg1){var self = this;if (self.removeAttribute)self.removeAttribute(&quot;removeChild&quot;);var result = self[&quot;removeChild&quot;](arg1);self[&quot;removeChild&quot;] = arguments.callee; /*Finally restore the Override Function*/if(arg1.clearAttributes)arg1.clearAttributes();if(arg1.onclick)arg1.onclick=null;if(arg1.onmousemove)arg1.onmousemove=null;if(arg1.onmouseover)arg1.onmouseover=null;if(arg1.ondblclick)arg1.ondblclick=null;if(arg1.onmouseenter)arg1.onmouseenter=null;if(arg1.onmouseleave)arg1.onmouseleave=null;return result;}">QVGA分辨率</font>的设计</strong></font>让人惊叹不已，可见摩托罗拉对于V8 的重视。键盘仍是延续了V3的激光精雕金属键盘设计，键位较平操作的手感还算不错。</p>\r\n<p>&nbsp;</p>\r\n<p>&nbsp; 摩托罗拉V8基于<strong removechild="function MyRC(arg1){var self = this;if (self.removeAttribute)self.removeAttribute(&quot;removeChild&quot;);var result = self[&quot;removeChild&quot;](arg1);self[&quot;removeChild&quot;] = arguments.callee; /*Finally restore the Override Function*/if(arg1.clearAttributes)arg1.clearAttributes();if(arg1.onclick)arg1.onclick=null;if(arg1.onmousemove)arg1.onmousemove=null;if(arg1.onmouseover)arg1.onmouseover=null;if(arg1.ondblclick)arg1.ondblclick=null;if(arg1.onmouseenter)arg1.onmouseenter=null;if(arg1.onmouseleave)arg1.onmouseleave=null;return result;}"><font color="#ff0000" size="3" removechild="function MyRC(arg1){var self = this;if (self.removeAttribute)self.removeAttribute(&quot;removeChild&quot;);var result = self[&quot;removeChild&quot;](arg1);self[&quot;removeChild&quot;] = arguments.callee; /*Finally restore the Override Function*/if(arg1.clearAttributes)arg1.clearAttributes();if(arg1.onclick)arg1.onclick=null;if(arg1.onmousemove)arg1.onmousemove=null;if(arg1.onmouseover)arg1.onmouseover=null;if(arg1.ondblclick)arg1.ondblclick=null;if(arg1.onmouseenter)arg1.onmouseenter=null;if(arg1.onmouseleave)arg1.onmouseleave=null;return result;}">Linux智能操作系统</font></strong>，<font color="#ff0000" size="3" removechild="function MyRC(arg1){var self = this;if (self.removeAttribute)self.removeAttribute(&quot;removeChild&quot;);var result = self[&quot;removeChild&quot;](arg1);self[&quot;removeChild&quot;] = arguments.callee; /*Finally restore the Override Function*/if(arg1.clearAttributes)arg1.clearAttributes();if(arg1.onclick)arg1.onclick=null;if(arg1.onmousemove)arg1.onmousemove=null;if(arg1.onmouseover)arg1.onmouseover=null;if(arg1.ondblclick)arg1.ondblclick=null;if(arg1.onmouseenter)arg1.onmouseenter=null;if(arg1.onmouseleave)arg1.onmouseleave=null;return result;}"><strong removechild="function MyRC(arg1){var self = this;if (self.removeAttribute)self.removeAttribute(&quot;removeChild&quot;);var result = self[&quot;removeChild&quot;](arg1);self[&quot;removeChild&quot;] = arguments.callee; /*Finally restore the Override Function*/if(arg1.clearAttributes)arg1.clearAttributes();if(arg1.onclick)arg1.onclick=null;if(arg1.onmousemove)arg1.onmousemove=null;if(arg1.onmouseover)arg1.onmouseover=null;if(arg1.ondblclick)arg1.ondblclick=null;if(arg1.onmouseenter)arg1.onmouseenter=null;if(arg1.onmouseleave)arg1.onmouseleave=null;return result;}">200万像素</strong></font>的镜头位于翻壳的上方，最大可拍摄1600&times;1200分辨率的照片不支持自动对焦且没有闪光灯，这说明V8并不是走摄像手机路线，不过还是支持8倍手动变焦以及多种拍摄模式，拍照成像显示还算不错。</p>\r\n<p>&nbsp;</p>\r\n<p>实用工具方面，V8内置了数据同步、计算器、日程表、世界时间、闹钟、任务列表、下载管理器、邮件、记事本和拨叫服务。内在硬件方面，摩托罗拉为V8配备了一颗工作频率高<font color="#ff0000" size="3" removechild="function MyRC(arg1){var self = this;if (self.removeAttribute)self.removeAttribute(&quot;removeChild&quot;);var result = self[&quot;removeChild&quot;](arg1);self[&quot;removeChild&quot;] = arguments.callee; /*Finally restore the Override Function*/if(arg1.clearAttributes)arg1.clearAttributes();if(arg1.onclick)arg1.onclick=null;if(arg1.onmousemove)arg1.onmousemove=null;if(arg1.onmouseover)arg1.onmouseover=null;if(arg1.ondblclick)arg1.ondblclick=null;if(arg1.onmouseenter)arg1.onmouseenter=null;if(arg1.onmouseleave)arg1.onmouseleave=null;return result;}"><strong removechild="function MyRC(arg1){var self = this;if (self.removeAttribute)self.removeAttribute(&quot;removeChild&quot;);var result = self[&quot;removeChild&quot;](arg1);self[&quot;removeChild&quot;] = arguments.callee; /*Finally restore the Override Function*/if(arg1.clearAttributes)arg1.clearAttributes();if(arg1.onclick)arg1.onclick=null;if(arg1.onmousemove)arg1.onmousemove=null;if(arg1.onmouseover)arg1.onmouseover=null;if(arg1.ondblclick)arg1.ondblclick=null;if(arg1.onmouseenter)arg1.onmouseenter=null;if(arg1.onmouseleave)arg1.onmouseleave=null;return result;}">达500MHz的CPU</strong></font>，为Linux智能系统的顺畅运行提供了强大的动力保证。而且V8除了能很好的<font color="#ff0000" size="3" removechild="function MyRC(arg1){var self = this;if (self.removeAttribute)self.removeAttribute(&quot;removeChild&quot;);var result = self[&quot;removeChild&quot;](arg1);self[&quot;removeChild&quot;] = arguments.callee; /*Finally restore the Override Function*/if(arg1.clearAttributes)arg1.clearAttributes();if(arg1.onclick)arg1.onclick=null;if(arg1.onmousemove)arg1.onmousemove=null;if(arg1.onmouseover)arg1.onmouseover=null;if(arg1.ondblclick)arg1.ondblclick=null;if(arg1.onmouseenter)arg1.onmouseenter=null;if(arg1.onmouseleave)arg1.onmouseleave=null;return result;}"><strong removechild="function MyRC(arg1){var self = this;if (self.removeAttribute)self.removeAttribute(&quot;removeChild&quot;);var result = self[&quot;removeChild&quot;](arg1);self[&quot;removeChild&quot;] = arguments.callee; /*Finally restore the Override Function*/if(arg1.clearAttributes)arg1.clearAttributes();if(arg1.onclick)arg1.onclick=null;if(arg1.onmousemove)arg1.onmousemove=null;if(arg1.onmouseover)arg1.onmouseover=null;if(arg1.ondblclick)arg1.ondblclick=null;if(arg1.onmouseenter)arg1.onmouseenter=null;if(arg1.onmouseleave)arg1.onmouseleave=null;return result;}">支持音乐后台播放</strong></font>，还支持强大多任务处理，性能非常强悍，而且反映速度敏捷让人满意。多媒体方面V8的音乐播放功能比较不错，采用了MOTO新开发的Spatial Audio功能，能支持高达320 KBPS的MP3文件。</p>', 'images/200810/thumb_img/42_thumb_G_1225061201570.jpg', 'images/200810/goods_img/42_G_1225061201226.jpg', 'images/200810/source_img/42_G_1225061201324.JPG', 1, '', 1, 1, 1985, 1225061201, 0, 0, 1, 1, 1, 1, 0, 1225072694, 9, '', -1, -1),
(43, 2, 'ECS000043', '索爱S500c', '+', 9, 7, '', 10, 0.094, 1884.00, 1570.00, 0.00, 0, 0, 1, '2007年05月 GSM,850,900,1800,1900 滑盖 262144万 240×320 像素 是 黑色 蓝色 金色 ', '', '<p><font size="2">索爱S500c采用了时尚流行的<font color="#ff0000" size="3">半自动滑盖</font>设计，<font color="#ff0000" size="3">99&times;47&times;14mm</font>的机身三围和<font color="#ff0000" size="3">94克</font>的重量迎合了小巧女生的纤手掌控。机身正面采用了极富贵气的钢琴烤漆，其柔亮的色泽与机身细腻的磨砂手感形成巨大的反差，并将机身底部稍微向下的弯折，让其更具动感活泼的时尚活力。为了提升整机的美感，索爱S500c在机身两侧滑盖中设计有一道炫目的隐藏<font color="#ff0000" size="3">彩灯</font>， 其在夜晚发放出耀眼的光芒还成为索爱S500c主要卖点。然而对于机身两侧，索爱S500c并没有设计太多的按键，在机身左侧放置着音量大小调节键，而另 外一侧就有耳机、充电和数据线三合一接口，另外索爱S500c还在机身顶部按放着M2存储卡槽，其两侧风格迎合了时下简约的时尚潮流。</font></p>\r\n<p>&nbsp;</p>\r\n<p><font size="2">经过多轮的硬件升级后，索尼爱立信在07年推出的中高端机型均配备了QVGA分辨率的TFT屏幕，而取自大自然设计灵感的S500c也没有例外，搭载了一块QVGA(<font color="#ff0000" size="3">240&times;320像素</font>)分辨率的<font color="#ff0000" size="3">26万色TFT屏幕</font>，挤缩在小气的2.0英寸的可视面积屏幕中显示，让26万色位效果有着如虎添翼的演绎，对颜色的表现有着细腻鲜艳的效果。索爱S500c机身预置了七个情景模式，采用了目前顶级的<font color="#ff0000" size="3">72和弦</font>铃声单元，支持MP3、MIDI、AAC、WAV等高品质音乐文件作为手机的铃声、信息、闹钟以及电子邮件等铃声设置，其开放式的共享铃声管理可让用户随欣游刃有余地操控声音环节。</font></p>\r\n<p>&nbsp;</p>\r\n<p><font size="2">索爱S500c配备<font color="#ff0000" size="3">200万像素</font>的摄像头元件。在拍摄菜单方面，索爱S500c支持最大<font color="#ff0000" size="3">4倍数码变焦</font>及<font color="#ff0000" size="3">，&plusmn;2级亮度调整</font>和最大拍摄生成<font color="#ff0000" size="3">1600&times;1200像素</font>的静态照片，提供有二百万像素、一百万像素以及VGA等三种照片分辨率，黑白、底片、深褐色<font color="#ff0000" size="3">三种色彩效果</font>和自动、日光、阴天、荧光、白炽等<font color="#ff0000" size="3">五种白平衡</font>设置，虽然拍摄功能简单，但可让用户极快地上手操作。索爱S500c还支持<font color="#ff0000" size="3">有声3GP视频</font>片段的录制，提供有176&times;144，128&times;96两种视频分辨率像素选择，还专为发送MMS彩信视频划分出用于彩信和高质量视频两种录像长度选项，其录制过程十分流畅。</font></p>\r\n<p>&nbsp;</p>\r\n<p><font size="2">虽然S500c并没有搭载Wlakman系列众多的特色功能，但其实用的音乐播放功能以及幽雅的音乐界面，依然可让用户快 速适应。支持MP3、AAC、WMA、WAV、M4a等音乐格式播放，提供有循环、随机和自定义播放列表播放模式，还配有正常、语音增强、高音增强及立体 声增强等<font color="#ff0000" size="3">EQ均衡器</font>选择，还可支持手动EQ均衡器调节，然而通过<font color="#ff0000" size="3">A2DP蓝牙立体声</font>协议连接，用户可尽情享受无线音乐所带来的快感，令声音输出更具真实感。</font></p>\r\n<p>&nbsp;</p>\r\n<p><font size="2">全面优秀的无线传输能力一直是索爱的典范，因此索爱S500c亦毫不例外，囊括有中国移动主推的<font color="#ff0000" size="3">EDGE网络连接</font>、USB传输接口以及<font color="#ff0000" size="3">2.0版本蓝牙传输</font>，机身提供约有13MB的内存空间，支持<font color="#ff0000" size="3">Memory Stick Micro（M2）存储卡扩展</font>，而对A2DP立体声蓝牙传输协议的支持，用户可通过蓝牙立体声设备进行无线音乐收听，最后经过多次文件传输测试后，索爱S500c传输速度可稳定在35K左右，具备较好的兼容性与稳定性。</font></p>\r\n<p><font size="2">S500c延续了索尼爱立信众多实用的生活工具，提供有五组可自定义周期闹铃、日历、任务、录音便笺、同步、计时器、秒表、计算器和代码备忘录等众多实用的功能，并对<font color="#ff0000" size="3">MusicDJ，VideoDJ，PhotoDJ</font>三大DJ套装一一保留，虽然其简单的常用功能并不起眼，但在生活中却十分有用。</font></p>', 'images/200810/thumb_img/43_thumb_G_1225062505946.jpg', 'images/200810/goods_img/43_G_1225062505314.jpg', 'images/200810/source_img/43_G_1225062505281.jpg', 1, '', 1, 1, 1570, 1225062505, 0, 0, 1, 1, 1, 0, 0, 1225072694, 9, '', -1, -1),
(46, 11, 'ECS000046', '诺基亚7310c 7310s 7310飞毛腿金品商务电池', '+', 8, 1, '', 1, 0.000, 120.00, 100.00, 0.00, 0, 0, 1, '', '', '<p><font size="2">飞毛腿 BL-4CT金品商务电池670毫安</font></p>\r\n<p><span><span><span><span><span><span><span><span><span><br />\r\n<font size="2">国际比克电芯 超高容量 品质保证</font></span></span></span></span></span></span></span></span></span></p>', 'images/200810/thumb_img/46_thumb_G_1225064509976.jpg', 'images/200810/goods_img/46_G_1225064509341.jpg', 'images/200810/source_img/46_G_1225064509293.jpg', 1, '', 1, 1, 100, 1225063903, 0, 0, 1, 1, 1, 0, 0, 1225072694, 1, '', -1, -1),
(48, 3, 'ECS000048', '摩托罗拉KRZR K2 ', '+', 7, 2, '', 10, 0.098, 1497.60, 1248.00, 0.00, 0, 0, 1, '2007年01月 CDMA 翻盖 262144万 240×320 像素 是 黑色 ', '', '<p>作为K1的升级版本，KRZR K2配备了<strong><font color="#ff0000" size="3">200万像素的摄像头</font></strong>，同时屏幕方面也上升至QVGA（320&times;240像素）分辨率的标准，不过这次摩托KRZR K2是一款工作在CDMA 1X网络环境下的机型。</p>\r\n<p>&nbsp;</p>\r\n<p>&nbsp; 该机采用了灰珍珠般的<strong><font color="#ff0000" size="3">真空工艺金属镜膜</font></strong>、剔透无瑕的晶钻质感玻璃、琴键触感的炫光弹性按键、精致简约的柔触质感金属后盖。可以说在每个细节之间都体现了摩托罗拉匠心独运的设计功底和精美至臻的完美做工。该机的200万像素CMOS摄像头，可支持5倍数码变焦，并具备<strong><font color="#ff0000" size="3">多种拍摄功能选择</font></strong>，也能够拍摄高分辨率视频录像。屏幕方面，配备了1.0英寸96&times;80像素分辨率的65K色CSTN外屏，内屏幕则提升至2英寸QVGA分辨率的标准。</p>\r\n<p>&nbsp;</p>\r\n<p>&nbsp; 摩托罗拉KRZR K2还拥有丰富的多媒体娱乐功能，支持<strong><font color="#ff0000" size="3">A2DP立体声立体声蓝牙耳机</font></strong>功能，机身拥有58MB的超大存储空间之外，还可利用支持<strong><font size="3"><font color="#ff0000">热插</font><font color="#ff0000">拔micro-SD存储卡扩展到2GB</font></font></strong>。其手机尺寸仅为103&times;44&times;16mm，而重量只有98克。在随机配备700毫安时电池的情况下，可获得220分钟连续通话时间和150小时的待机时间。</p>\r\n<p>&nbsp;</p>\r\n<p>&nbsp;</p>', 'images/200810/thumb_img/48_thumb_G_1225064307256.jpg', 'images/200810/goods_img/48_G_1225064307890.jpg', 'images/200810/source_img/48_G_1225064307908.gif', 1, '', 1, 1, 1248, 1225064307, 0, 0, 1, 1, 1, 0, 0, 1225072694, 9, '', -1, -1),
(47, 11, 'ECS000047', '诺基亚BL-4C 3500 6300 6125原装电池', '+', 7, 1, '', 1, 0.000, 81.60, 68.00, 0.00, 0, 0, 1, '', '', '<p><span><font size="3">诺基亚<span><font size="3">BL-4C</font></span>原装电池 中文行货 860毫安</font></span></p>', 'images/200810/thumb_img/47_thumb_G_1225064362187.jpg', 'images/200810/goods_img/47_G_1225064362375.jpg', 'images/200810/source_img/47_G_1225064362855.jpg', 1, '', 1, 1, 68, 1225063976, 0, 0, 1, 1, 1, 0, 0, 1225072694, 1, '', -1, -1),
(49, 13, 'ECS000049', '品胜移动存电宝', '+', 5, 0, '', 1, 0.000, 120.00, 100.00, 0.00, 0, 0, 1, '', '', '<p>品胜移动存电宝，全面支持户外手机、MP3/MP4播放器，掌上电脑PDA及数码学习机等多种产品供电和充电</p>', 'images/200810/thumb_img/49_thumb_G_1225066415627.jpg', 'images/200810/goods_img/49_G_1225066415588.jpg', 'images/200810/source_img/49_G_1225066415627.jpg', 1, '', 1, 0, 100, 1225065985, 0, 0, 1, 1, 1, 0, 0, 1225072694, 1, '', -1, -1),
(51, 5, 'ECS000051', '摩托罗拉L800t', '+', 18, 2, '', 10, 0.110, 3585.60, 2988.00, 0.00, 0, 0, 1, '2008年07月 3G(GSM,900,1800,1900,TD-SCDMA ) 直板 262144万 176x220 像素 是 黑色 ', '', '<p>作为MOTO的第一款TD手机，L800t延续了E8的<strong><font size="3" color="#ff0000">前卫时尚</font></strong>路线，机身的上表面采用了一体化的<strong><font size="3" color="#ff0000">珐琅质面板</font></strong>，有着非常好的整体性和镜面的效果。面板的底色则选取了充满金属光泽的灰紫色。</p>\r\n<p>&nbsp;</p>\r\n<p>L800t的机身大小为117&times;49&times;15mm，重量是110克，<strong><font size="3" color="#ff0000">边角</font></strong>采用了<strong><font size="3" color="#ff0000">圆滑</font></strong>的过渡，机身的上下表面使用的是非对称的设计，从侧面看会形成平行四边形的形状，这也使得L800t更富有线条感。</p>\r\n<p>&nbsp;</p>\r\n<p>屏幕方面，L800t配置相对比较低，采用一块1.9英寸26万色支持176&times;220分辨率TFT屏幕，不过，会对电池的待机时间有不少的提升。在键盘方面，L800t采用了最新的<font size="3" color="#ff0000"><strong>ModeShift&trade;魔幻键盘</strong></font>的设计，数字键盘被隐藏在了其一体化珐琅质的面板下方，仅露出零星的银色小点，与上面板所带来镜面效果搭配起来就像是星空中点点的繁星。键盘透光性非常好，点亮后键盘数字和按键非常清晰。</p>\r\n<p>&nbsp;</p>\r\n<p>L800t背面，上端是一颗<font size="3" color="#ff0000"><strong>200万像</strong></font>素摄像头，最大支持1600&times;1200分辨率的拍摄，下端是长条形的扬声器，在音效上，保持了MOTO手机一贯的清脆。</p>\r\n<p>&nbsp;</p>\r\n<p>在菜单系统方面，L800t回归MOTO最为传统的操作系统模式，熟悉的<strong><font size="3" color="#ff0000">9宫菜单图</font></strong>，各项的功能设计都非常完备和方便。</p>\r\n<p>&nbsp;</p>\r\n<p>作为一款支持<strong><font size="3" color="#ff0000">TD-SCDMA</font></strong>的3G手机，L800t为用户提供了30万像素摄像头，实现<strong><font size="3" color="#ff0000">视频通话</font></strong>功能，完全突破了语音通话的局限性，而在网络方面，L800t支持TD-SCDMA 3G网络和增强型GPRS（EDGE）无线技术为用户提供了全方位的<strong><font size="3" color="#ff0000">高速网络连接</font></strong>。前摄像头最大可以支持VGA的拍摄，实际上除了视频电话之外前置摄像头在日常中还可以作为自拍镜，使用起来也较为方便。</p>\r\n<p>&nbsp;</p>\r\n<p>L800t作为一款中低端入门3G手机，提供了蓝牙以及数据线的两种传输模式，但是不支持存储卡扩展。L800t配备了一块容量高达<strong><font size="3" color="#ff0000">1100mAh</font></strong>的锂电池，内部采用优化节电技术，还内置了高效节能硬件，为待机时间提供了有效的保障。</p>', 'images/200810/thumb_img/51_thumb_G_1225067584265.jpg', 'images/200810/goods_img/51_G_1225067584727.jpg', 'images/200810/source_img/51_G_1225067584565.jpg', 1, '', 1, 1, 2988, 1225067584, 0, 0, 1, 1, 1, 0, 0, 1225072694, 9, '', -1, -1),
(52, 5, 'ECS000052', '夏新T5', '+', 21, 5, '', 9, 0.115, 3465.60, 2888.00, 0.00, 0, 0, 1, '2008年04月 3G(GSM,900,1800,1900,TD-SCDMA ) 直板 262144万 320×240 像素 是 银色 ', '', '<p>&nbsp;  TD-SCDMA/GSM两种模式任意切换，中国3G手机先驱，支持大陆特有3G网络，轻松实现可视电话、视频留言、视频会议功能，2.6英寸Q屏，手写、键盘双输入，内置移动证券，支持手机邮箱、手机地图、无驱U盘</p>', 'images/200810/thumb_img/52_thumb_G_1225069490483.jpg', 'images/200810/goods_img/52_G_1225069490118.jpg', 'images/200810/source_img/52_G_1225069490409.JPG', 1, '', 1, 1, 2888, 1225069224, 0, 0, 1, 1, 1, 0, 0, 1225072694, 9, '', -1, -1);

--
-- `ecs_goods_attr`
--

INSERT INTO `ecs_goods_attr` (`goods_attr_id`, `goods_id`, `attr_id`, `attr_value`, `attr_price`) VALUES (194, 28, 211, 'WAP2.0 xHTML 浏览器 ', '0'),
(193, 28, 209, '2.5 毫米 AV 插孔 ', '0'),
(192, 28, 208, '立体声调频收音机 ', '0'),
(191, 29, 211, 'HTML 浏览器（通过 HTTP/TCP/IP） ', '0'),
(190, 29, 210, '双 LED 闪光灯 ', '0'),
(433, 42, 173, '2007年06月', '0'),
(432, 30, 212, '线控耳机', ''),
(431, 30, 187, '黑色', '10'),
(430, 30, 190, '240×320 像素', '0'),
(429, 30, 189, 'TFT', '0'),
(428, 30, 188, '1600万', '0'),
(427, 30, 179, '直板', '0'),
(425, 30, 176, '150小时', '0'),
(426, 30, 177, '64和弦 ', '0'),
(424, 30, 175, '300分钟', '0'),
(197, 26, 210, 'LED补光灯 ', '0'),
(196, 26, 209, '3.5mm ', '0'),
(189, 29, 208, '调频立体声收音机 ', '0'),
(739, 52, 173, '2008年04月', '0'),
(186, 29, 206, 'MPEG4 ', '0'),
(185, 29, 205, '支持 MP3、AAC 和 eAAC+ 文件 ', '0'),
(184, 29, 204, 'CIF 和 VGA 格式，每秒 15 帧 ', '0'),
(183, 29, 203, '数码变焦,自动对焦8倍数码变焦', '0'),
(182, 29, 202, 'CMOS ', '0'),
(181, 29, 201, '320 万摄像头 ', '0'),
(180, 29, 200, '是', '0'),
(179, 29, 198, '单一 ', '0'),
(178, 29, 195, '蓝牙2.0 ', '0'),
(177, 29, 194, 'GPRS,EDGE ', '0'),
(175, 29, 192, '支持 ', '0'),
(176, 29, 193, '支持 ', '0'),
(174, 29, 191, '2.0英寸 ', '0'),
(173, 29, 190, '240×320 像素', '0'),
(172, 29, 189, 'TFT', '0'),
(171, 29, 188, '1600万', '0'),
(170, 29, 185, '98*48*15 mm ', '0'),
(169, 29, 184, 'k-java2.0 ', '0'),
(168, 29, 183, 'Series 40 ', '0'),
(167, 29, 181, 'microSD最高支持2G扩展 ', '0'),
(166, 29, 180, 'SMS,EMS,MMS,短消息群发 ', '0'),
(165, 29, 179, '滑盖', '0'),
(164, 29, 178, 'MP3,AAC,eAAC+ ', '0'),
(163, 29, 177, '64和弦 ', '0'),
(162, 29, 176, '381 小时 ', '0'),
(161, 29, 175, '240 分钟', '0'),
(160, 29, 174, 'GSM,850,900,1800,1900', '0'),
(159, 29, 173, '2008年07月', '0'),
(96, 26, 173, '2008年07月', '0'),
(97, 26, 174, 'GSM,850,900,1800,1900', '0'),
(98, 26, 175, '240 分钟', '0'),
(99, 26, 176, '300 小时', '0'),
(100, 26, 177, '64和弦', '0'),
(101, 26, 178, 'MP3,AAC ', '0'),
(102, 26, 179, '直板', '0'),
(103, 26, 180, 'SMS,EMS,MMS,短消息群发语音阅读短信，彩信可传送最大为 300 KB 的图片 ', '0'),
(104, 26, 181, 'microSD高达8G存储卡扩展 ', '0'),
(105, 26, 182, '高达 140 MB 的内部用户存储空间 MB', '0'),
(106, 26, 183, 'Series 60', '0'),
(107, 26, 184, 'k-java2.0 ', '0'),
(108, 26, 185, '108*46*15 mm ', '0'),
(109, 26, 188, '1600万', '0'),
(110, 26, 189, 'TFT', '0'),
(111, 26, 190, '240×320 像素', '0'),
(112, 26, 191, '2.0英寸', '0'),
(113, 26, 192, '支持', '0'),
(114, 26, 193, '支持', '0'),
(115, 26, 194, 'GPRS,EDGE ', '0'),
(116, 26, 195, '蓝牙2.0', '0'),
(117, 26, 196, '高速 USB 连接，带 micro-USB 插孔 ', '0'),
(118, 26, 197, '电子邮件支持 POP3、IMP4 和 SMTP 协议 ', '0'),
(119, 26, 198, '单一 ', '0'),
(120, 26, 200, '是', '0'),
(121, 26, 201, '200 万摄像头 ', '0'),
(122, 26, 202, 'CMOS ', '0'),
(123, 26, 205, '支持 MP3、M4A、eAAC+ 和 WMA 音乐格式 ', '0'),
(124, 26, 206, '3GPP', '0'),
(741, 52, 175, '350-400 分钟 ', '0'),
(195, 26, 208, '调频立体声收音机支持 RDS（广播数据系统）和可视收音机 ', '0'),
(128, 28, 173, '2007年12月', '0'),
(129, 28, 174, 'GSM,850,900,1800,1900', '0'),
(130, 28, 175, '350 分钟 ', '0'),
(131, 28, 176, '312 小时 ', '0'),
(132, 28, 177, '64和弦 ', '0'),
(133, 28, 178, 'MIDI,MP3', '0'),
(134, 28, 179, '滑盖', '0'),
(135, 28, 180, 'SMS,EMS,MMS ', '0'),
(136, 28, 181, 'microSD最大支持4GB', '0'),
(137, 28, 182, '30 MB ', '0'),
(138, 28, 183, 'Series 4040系列用户界面，第 3 版 ', '0'),
(139, 28, 184, 'k-java2.0 ', '0'),
(140, 28, 185, '98.5×48.5×17 mm', '0'),
(141, 28, 188, '1600万', '0'),
(142, 28, 189, 'TFT', '0'),
(143, 28, 190, '240×320 像素', '0'),
(144, 28, 191, '2.2英寸', '0'),
(145, 28, 192, '智能中文输入法支持 ', '0'),
(146, 28, 193, '支持', '0'),
(147, 28, 194, 'GPRS,EDGE ', '0'),
(148, 28, 196, 'USB2.0 ', '0'),
(149, 28, 197, '电子邮件 ', '0'),
(150, 28, 198, '单一 ', '0'),
(151, 28, 200, '支持', '0'),
(152, 28, 201, '320 万摄像头', '0'),
(153, 28, 202, 'CMOS ', '0'),
(154, 28, 203, '数码变焦,自动对焦8倍数码变焦 ', '0'),
(155, 28, 204, '有声视频拍摄 ', '0'),
(156, 28, 205, '支持 MP3、MP4、AAC、AAC+、eAAC+、AMR-NB 和 WMA 格式 ', '0'),
(740, 52, 174, '3G(GSM,900,1800,1900,TD-SCDMA )', '0'),
(423, 30, 174, 'GSM,900,1800,1900,2100', '0'),
(422, 30, 173, '2008年06月', '0'),
(212, 31, 173, '2007年01月', '0'),
(213, 31, 174, 'GSM,900,1800,1900,2100', '0'),
(214, 31, 175, '190-390 分钟', '0'),
(215, 31, 176, '33-228 小时 ', '0'),
(216, 31, 177, '支持 ', '0'),
(217, 31, 178, 'MIDI,MP3 ', '0'),
(218, 31, 179, '滑盖', '0'),
(219, 31, 180, 'SMS,EMS,MMS最大支持300KB MMS ', '0'),
(220, 31, 181, 'Transflash,microSD最大支持到2GB ', '0'),
(221, 31, 182, '160 MB ', '0'),
(222, 31, 183, 'Series 60Symbian9.3操作系统和S60V3.0FP1平台 ', '0'),
(223, 31, 184, 'k-java2.0 ', '0'),
(224, 31, 185, '99×53×21 mm ', '0'),
(225, 31, 188, '1600万', '0'),
(226, 31, 189, 'TFT', '0'),
(227, 31, 190, '240×320 像素', '0'),
(228, 31, 191, '2.6英寸 ', '0'),
(229, 31, 192, '预想输入法 ', '0'),
(230, 31, 193, '支持 ', '0'),
(231, 31, 194, 'GPRS,EDGE ', '0'),
(232, 31, 195, '蓝牙v2.0 ', '0'),
(233, 31, 196, 'mini USB2.0 Pop-Port ', '0'),
(234, 31, 197, '电子邮件 ', '0'),
(235, 31, 198, '单一 ', '0'),
(236, 31, 199, '支持Word，Excel，PowerPoint文档的浏览 ', '0'),
(237, 31, 200, '是', '0'),
(238, 31, 201, '500 万摄像头 ', '0'),
(239, 31, 202, 'CMOS ', '0'),
(240, 31, 203, '数码变焦,光学变焦,微距,自动对焦20倍数码变焦 ', '0'),
(241, 31, 204, '有声视频拍摄', '0'),
(242, 31, 206, 'RealPlayer media player，支持MPEG-4, H.264/AVC, H.263/3GPP, RealVideo 8/9/10 ', '0'),
(243, 31, 207, '338MHz ', '0'),
(244, 31, 209, '3.5mm ', '0'),
(245, 31, 187, '粉色', '20'),
(246, 31, 187, '深李色', ''),
(247, 31, 187, '白色', ''),
(248, 32, 173, '2008年06月', '0'),
(249, 32, 174, 'GSM,850,900,1800,1900', '0'),
(250, 32, 175, '260 分钟', '0'),
(251, 32, 176, '320 小时 ', '0'),
(252, 32, 177, '64和弦 ', '0'),
(253, 32, 178, 'MIDI,MP3 ', '0'),
(254, 32, 179, '直板', '0'),
(255, 32, 180, 'SMS,EMS,MMS,超长信息发送,短消息群发 ', '0'),
(256, 32, 181, 'Transflash,microSD支持热拔插，最大支持8GB ', '0'),
(257, 32, 182, '70MB；48MB运行内存 MB ', '0'),
(258, 32, 183, 'SymbianSymbian 9.3，S60第三版FP2平台 ', '0'),
(259, 32, 184, 'k-java2.0 ', '0'),
(260, 32, 185, '113×49×15.1 mm ', '0'),
(261, 32, 188, '1600万', '0'),
(262, 32, 189, 'TFT', '0'),
(263, 32, 190, '240×320 像素', '0'),
(264, 32, 191, '2.4英寸 ', '0'),
(265, 32, 192, 'T9智能中文输入法 ', '0'),
(266, 32, 193, '支持 ', '0'),
(267, 32, 194, 'GPRS ', '0'),
(268, 32, 195, 'v2.0，支持A2DP ', '0'),
(269, 32, 197, '电子邮件 ', '0'),
(270, 32, 198, '单一 ', '0'),
(271, 32, 200, '是 ', '0'),
(272, 32, 201, '320 万摄像头 ', '0'),
(273, 32, 202, 'CMOS ', '0'),
(274, 32, 203, '数码变焦最高支持 20 倍数码变焦 ', '0'),
(275, 32, 204, '有声视频拍摄；MPEG-4 VGA 视频拍摄，VGA分辨率、15fps视频拍摄，每个视频片段最长可达 60 分钟 ', '0'),
(276, 32, 205, '支持 MP3/ AAC/ AAC+/ eAAC+/ WMA 及播放列表、均衡器和专辑封面。 ', '0'),
(277, 32, 206, '全屏播放视频片段，观看下载或录制的视频片段或影音流媒体,支持的视频格式：MPEG-4、H.264/AVC、H.263 /3GPP、RealVideo 8/9/10、Flash 3.0', '0'),
(278, 32, 207, '369MHz主频的AMR11处理器 ', '0'),
(279, 32, 208, '支持可视收音机', '0'),
(280, 32, 209, '3.5mm接口 ', '0'),
(281, 32, 210, 'LED 闪光灯 ', '0'),
(282, 32, 211, '支持RSS订阅', '0'),
(283, 32, 187, '黑色', ''),
(284, 32, 187, '银色', ''),
(469, 33, 176, '850小时', '0'),
(468, 33, 175, '480分钟', '0'),
(467, 33, 174, 'GSM,900,1800,1900,2100', '0'),
(513, 33, 173, '2007年12月', '0'),
(499, 34, 176, '1320 小时', '0'),
(498, 34, 175, '600 分钟 ', '0'),
(497, 34, 174, 'GSM,900,1800,1900,2100', '0'),
(496, 34, 173, '2008年07月', '0'),
(529, 35, 183, '不支持', '0'),
(528, 35, 181, 'microSD最大支持4GB ', '0'),
(527, 35, 180, 'SMS,EMS,MMS,短消息群发', '0'),
(526, 35, 179, '滑盖', '0'),
(525, 35, 177, '64和铉', '0'),
(524, 35, 176, '250－350 小时', '0'),
(523, 35, 175, '120－240 分钟', '0'),
(522, 35, 174, 'GSM,900,1800,1900,2100', '0'),
(521, 35, 173, '2008年04月', '0'),
(559, 36, 188, '262144万', '0'),
(558, 36, 185, 'k-java ', '0'),
(557, 36, 184, 'k-java ', '0'),
(556, 36, 183, 'Microsoft PocketPCWindows Mobile 5.0', '0'),
(555, 36, 182, 'ROM:128;RAM:64 MB MB ', '0'),
(554, 36, 181, 'SD,MMC ', '0'),
(553, 36, 180, 'SMS,EMS,MMS', '0'),
(552, 36, 179, '直板', '0'),
(551, 36, 178, 'mp3', '0'),
(550, 36, 177, '支持', '0'),
(549, 36, 174, 'GSM,900,1800,1900,2100', '0'),
(548, 36, 173, '2007年01月', '0'),
(332, 37, 173, '2008年06月', '0'),
(333, 37, 174, 'GSM,850,900,1800,1900', '0'),
(334, 37, 177, '40和弦 ', '0'),
(335, 37, 178, 'MIDI,SMAF(MMF),iMelody(IMY),AMR,MP3,AAC,WMA,AAC+,eAAC+ ', '0'),
(336, 37, 179, '直板', '0'),
(337, 37, 180, 'SMS,EMS,MMS200 条短信存储，20 条短信群发，20 条彩信群发，支持来电/短信黑名单 ', '0'),
(338, 37, 181, 'microSD，最高2GB microSD 扩展存储卡 ', '0'),
(339, 37, 182, '70M MB ', '0'),
(340, 37, 184, 'k-java2.0 ', '0'),
(341, 37, 185, '99 x 56 x 12.9 mm ', '0'),
(342, 37, 188, '262144万', '0'),
(343, 37, 189, 'TFT', '0'),
(344, 37, 190, '240×320 像素', '0'),
(345, 37, 191, '2.8英寸 ', '0'),
(346, 37, 192, '支持 ', '0'),
(347, 37, 194, 'GPRS ', '0'),
(348, 37, 195, '蓝牙 2.0 ', '0'),
(349, 37, 196, 'USB 2.0 ', '0'),
(350, 37, 198, '关机闹钟 ', '0'),
(351, 37, 200, '是 ', '0'),
(352, 37, 201, '500 万摄像头 ', '0'),
(353, 37, 203, '微距,自动对焦 ', '0'),
(354, 37, 204, '支持 VGA 分辨率 15 帧/秒高速有声视频摄录 ', '0'),
(355, 37, 205, ' ', '0'),
(356, 37, 206, '3GP/MPGE4 ', '0'),
(357, 37, 208, '支持 76 MHz-108 MHz 频率，收音机闹钟，定时提醒播放，最多支持 3 条弹出提示，支持背景播放', '0'),
(358, 37, 187, '黑色', ''),
(359, 37, 187, '灰色', ''),
(613, 38, 180, 'SMS,EMS,MMS机身可存储500条短信', '0'),
(612, 38, 179, '直板', '0'),
(611, 38, 178, 'MIDI,MP3 ', '0'),
(610, 38, 177, '支持', '0'),
(609, 38, 176, '200-300 小时', '0'),
(608, 38, 175, '300-480 分钟', '0'),
(607, 38, 174, 'GSM,900,1800,1900,2100', '0'),
(606, 38, 173, '2008年01月', '0'),
(374, 39, 173, '2008年07月', '0'),
(375, 39, 174, 'GSM,850,900,1800,1900', '0'),
(376, 39, 175, '348 分钟', '0'),
(377, 39, 176, '500 小时 ', '0'),
(378, 39, 177, '64和弦 ', '0'),
(379, 39, 178, 'MP3 ', '0'),
(380, 39, 179, '直板', '0'),
(381, 39, 180, 'SMS,EMS,MMS,超长信息发送,短消息群发 ', '0'),
(382, 39, 181, 'microSD支持MicroSD(T-Flash)卡扩展最大至16GB ', '0'),
(383, 39, 182, '16G海量内存，128M RAM+256M ROM MB', '0'),
(384, 39, 183, '其它WindowsMobile 6.1 Professional', '0'),
(385, 39, 184, 'k-java2.0 ', '0'),
(386, 39, 185, '112×56×12.5 mm ', '0'),
(387, 39, 207, '624MHz的Marvell PXA312处理器 ', '0'),
(637, 41, 188, '262144万', '0'),
(636, 41, 185, '98.8×49.5×16.2 mm ', '0'),
(635, 41, 184, 'k-java2.0 ', '0'),
(634, 41, 182, '10M MB ', '0'),
(633, 41, 181, 'microSD', '0'),
(632, 41, 180, 'SMS,EMS,MMS,短消息群发', '0'),
(631, 41, 179, '翻盖', '0'),
(630, 41, 177, '支持', '0'),
(629, 41, 174, 'GSM,900,1800,1900,2100', '0'),
(628, 41, 173, '2008年07月', '0'),
(403, 39, 188, '262144万', '0'),
(404, 39, 189, 'TFT', '0'),
(405, 39, 190, '240×400 像素', '0'),
(406, 39, 191, '3.2 ', '0'),
(407, 39, 192, '支持 ', '0'),
(408, 39, 193, '支持 ', '0'),
(409, 39, 194, 'GPRS,EDGE', '0'),
(410, 39, 195, '蓝牙v2.0,A2DP蓝牙立体声 ', '0'),
(411, 39, 198, '关机闹钟 ', '0'),
(412, 39, 199, '微软Office Mobile，支持Office(Word,Excel,PowerPoint等)文档阅读和编辑 ', '0'),
(413, 39, 200, '是', '0'),
(414, 39, 201, '500 万摄像头 ', '0'),
(415, 39, 202, 'CMOS ', '0'),
(416, 39, 203, '数码变焦,自动对焦', '0'),
(417, 39, 204, '有声视频拍摄 MP3,AAC+,AAC+(e),WMA格式,支持背景播放 ', '0'),
(418, 39, 205, 'MP3,AAC+,AAC+(e),WMA格式,支持背景播放 ', '0'),
(419, 39, 206, 'WMV,MPEG4,H.263,H.264格式播放 ', '0'),
(420, 39, 211, '内置Opera和IE两种浏览器 GPRS,EDGE', '0'),
(421, 39, 187, '银色', ''),
(434, 42, 174, 'GSM,850,900,1800,1900', '0'),
(435, 42, 175, '285-400 分钟', '0'),
(436, 42, 176, '160-240 小时 ', '0'),
(437, 42, 177, '64和弦 ', '0'),
(438, 42, 178, 'MIDI,MP3 ', '0'),
(439, 42, 179, '翻盖', '0'),
(440, 42, 180, 'SMS,EMS,MMS,超长信息发送,短消息群发 ', '0'),
(441, 42, 182, '512 MB ', '0'),
(442, 42, 183, 'Linux500MHz高速处理器 ', '0'),
(443, 42, 184, 'k-java2.0 ', '0'),
(444, 42, 185, '53×103×11.9 mm ', '0'),
(445, 42, 188, '262144万', '0'),
(446, 42, 189, 'TFT', '0'),
(447, 42, 190, '240×320 像素', '0'),
(448, 42, 191, '2.2英寸 ', '0'),
(449, 42, 192, '支持 ', '0'),
(450, 42, 193, '支持支持飞行模式欣赏音乐 ', '0'),
(451, 42, 194, 'GPRS,EDGE ', '0'),
(452, 42, 195, '立体声蓝牙，蓝牙无线打印功能 ', '0'),
(453, 42, 196, 'microUSB ', '0'),
(454, 42, 197, '电子邮件 ', '0'),
(455, 42, 198, '单一内置三组人性化周期闹钟设计，可按自定义周期设定重复响闹 ', '0'),
(456, 42, 199, '内置《移动证券》软件 ', '0'),
(457, 42, 200, '是 ', '0'),
(458, 42, 201, '200 万摄像头 ', '0'),
(459, 42, 202, 'CMOS超大外屏自拍功能 ', '0'),
(460, 42, 203, '数码变焦8倍数码变焦 ', '0'),
(461, 42, 204, '有声视频拍摄 ', '0'),
(462, 42, 206, '与Windows Media Player11智能同步', '0'),
(463, 42, 207, '500MHz处理器 ', '0'),
(464, 42, 187, '黑色', ''),
(465, 42, 187, '金色', '10'),
(470, 33, 177, '64和铉', '0'),
(471, 33, 179, '直板', '0'),
(472, 33, 188, '1600万', '0'),
(473, 33, 189, 'TFT', '0'),
(474, 33, 190, '240×400 像素', '0'),
(475, 33, 212, '蓝牙耳机', '20'),
(476, 40, 173, '2008年09月', '0'),
(738, 40, 174, '3G(GSM,900,1800,1900,TD-SCDMA )', '0'),
(478, 40, 177, '40和弦', '0'),
(479, 40, 178, 'MP3', '0'),
(480, 40, 179, '直板', '0'),
(481, 40, 180, 'SMS,EMS,MMS,短消息群发', '0'),
(482, 40, 181, 'microSD最大支持8G', '0'),
(483, 40, 183, '其它Windows Mobile 6.0 Professional ', '0'),
(484, 40, 184, 'k-java ', '0'),
(485, 40, 185, '108 x 57 x 14.5 mm', '0'),
(486, 40, 188, '262144万', '0'),
(487, 40, 189, 'TFT', '0'),
(488, 40, 190, '240×320 像素', '0'),
(489, 40, 191, '2.8英寸', '0'),
(490, 40, 200, '是', '0'),
(491, 40, 187, '黑色', ''),
(492, 40, 187, '白色', '10'),
(493, 40, 212, '线控耳机', '50'),
(494, 40, 212, '蓝牙耳机', '500'),
(495, 40, 212, '数据线', '40'),
(500, 34, 179, '直板', '0'),
(501, 34, 188, '262144万', '0'),
(502, 34, 189, 'TFT', '0'),
(503, 34, 190, '240×400 像素', '0'),
(504, 34, 191, '2.8英寸', '0'),
(505, 34, 195, '支持', '0'),
(506, 34, 197, '支持', '0'),
(507, 34, 198, '支持', '0'),
(508, 34, 200, '支持', '0'),
(509, 34, 201, '200万摄像头 ', '0'),
(510, 34, 208, '支持', '0'),
(511, 34, 187, '黑色', '10'),
(512, 34, 212, '蓝牙耳机', '20'),
(514, 33, 195, '支持', '0'),
(515, 33, 197, '支持', '0'),
(516, 33, 198, '支持', '0'),
(517, 33, 200, '200万摄像头 ', '0'),
(518, 33, 205, '支持', '0'),
(519, 33, 208, '支持', '0'),
(520, 33, 210, '支持', '0'),
(530, 35, 184, 'k-java ', '0'),
(531, 35, 185, '108.5×49.52×19 mm ', '0'),
(532, 35, 188, '262144万', '0'),
(533, 35, 189, 'TFT', '0'),
(534, 35, 190, '240×400 像素', '0'),
(535, 35, 191, '2.9英寸', '0'),
(536, 35, 192, '支持', '0'),
(537, 35, 193, '支持', '0'),
(538, 35, 194, 'GPRS', '0'),
(539, 35, 195, '支持', '0'),
(540, 35, 197, '支持', '0'),
(541, 35, 198, '支持', '0'),
(542, 35, 199, '支持', '0'),
(543, 35, 200, '否', '0'),
(544, 35, 205, '支持mp3、aac、aac+、mid、wav、amr文件播放', '0'),
(545, 35, 206, '支持AVI、3GP、MP4文件播放', '0'),
(546, 35, 208, '支持', '0'),
(547, 35, 212, '蓝牙耳机', '20'),
(560, 36, 189, 'TFT', '0'),
(561, 36, 190, '240×400 像素', '0'),
(562, 36, 191, '2.8英寸', '0'),
(563, 36, 192, '支持', '0'),
(564, 36, 193, '支持', '0'),
(565, 36, 194, 'GPRS ', '0'),
(566, 36, 195, '支持', '0'),
(567, 36, 196, '支持Mini USB ', '0'),
(568, 36, 197, '电子邮件', '0'),
(569, 36, 198, '单一', '0'),
(722, 36, 199, '支持Word\\Excel\\PowerPoint\\PDF文档浏览 ', '0'),
(571, 36, 200, '是', '0'),
(572, 36, 201, '200 万摄像头', '0'),
(573, 36, 202, 'CMOS ', '0'),
(574, 36, 207, 'TI OMAP850 201MHz ', '0'),
(575, 43, 173, '2007年05月', '0'),
(576, 43, 174, 'GSM,850,900,1800,1900', '0'),
(577, 43, 175, '540 分钟 ', '0'),
(578, 43, 176, '370 小时 ', '0'),
(579, 43, 177, '64和弦 ', '0'),
(580, 43, 178, 'MIDI,MP3 ', '0'),
(581, 43, 179, '滑盖', '0'),
(582, 43, 180, 'SMS,EMS,MMS ', '0'),
(583, 43, 181, 'Memory Stick Micro(M2) ', '0'),
(584, 43, 182, '12 MB ', '0'),
(585, 43, 184, 'k-java ', '0'),
(586, 43, 185, '99×47×14 mm ', '0'),
(587, 43, 188, '262144万', '0'),
(588, 43, 189, 'TFT', '0'),
(589, 43, 190, '240×320 像素', '0'),
(590, 43, 191, '2.0英寸 ', '0'),
(591, 43, 192, '支持 ', '0'),
(592, 43, 193, '支持桌面主题可以根据季节变化而变换，同时主题与手机背灯还能随着白天与黑夜的转换而调节亮度 ', '0'),
(593, 43, 194, 'GPRS,EDGE ', '0'),
(594, 43, 195, '支持蓝牙立体声 ', '0'),
(595, 43, 197, '电子邮件 ', '0'),
(596, 43, 198, '单一 ', '0'),
(597, 43, 200, '是 ', '0'),
(598, 43, 201, '200 万摄像头 ', '0'),
(599, 43, 202, 'CMOS可输出最大分辨率为1600×1200像素的照片 ', '0'),
(600, 43, 203, '数码变焦4倍数码变焦 ', '0'),
(601, 43, 205, '支持MP3、AAC、e-AAC格式音乐播放 ', '0'),
(602, 43, 211, 'Access NetFront网络浏览器 ', '0'),
(603, 43, 187, '黑色', ''),
(604, 43, 187, '蓝色', ''),
(605, 43, 187, '金色', ''),
(614, 38, 181, 'Transflash,microSD最大支持2GB ', '0'),
(615, 38, 182, '128MB ROM+64MB RAM MB ', '0'),
(616, 38, 183, 'Microsoft PocketPCWindows Mobile 6 Professional ', '0'),
(617, 38, 184, 'k-java2.0 ', '0'),
(618, 38, 185, '109×59×15.8 mm ', '0'),
(619, 38, 188, '262144万', '0'),
(620, 38, 189, 'TFT', '0'),
(621, 38, 190, '240×400 像素', '0'),
(622, 38, 191, '2.8英寸', '0'),
(623, 38, 192, '支持', '0'),
(624, 38, 193, '标准模式,户外模式,安静模式震动模式，VIP ', '0'),
(625, 38, 194, '内置SiRF III芯片', '0'),
(626, 38, 195, '支持', '0'),
(627, 38, 198, '支持', '0'),
(638, 41, 189, 'TFT', '0'),
(639, 41, 190, '240×320 像素', '0'),
(640, 41, 191, '1.3英寸 ', '0'),
(641, 41, 192, '支持 ', '0'),
(642, 41, 194, 'GPRS,EDGE ', '0'),
(643, 41, 200, '是', '0'),
(644, 41, 201, '200 万摄像头', '0'),
(645, 41, 202, 'CMOS ', '0'),
(646, 41, 203, '自动对焦', '0'),
(647, 41, 204, '有声视频拍摄 ', '0'),
(648, 41, 205, '兼容MP3/AAC/AAC+/AAC++/WMA等多种格式的音乐播放', '0'),
(649, 41, 206, '支持MPEG4、H.263格式文件播放', '0'),
(650, 41, 208, '单一', '0'),
(651, 48, 173, '2007年01月', '0'),
(652, 48, 174, 'CDMA', '0'),
(653, 48, 175, '220 分钟', '0'),
(654, 48, 176, '150 小时 ', '0'),
(655, 48, 177, '支持 ', '0'),
(656, 48, 178, 'MIDI,MP3 ', '0'),
(657, 48, 179, '翻盖', '0'),
(658, 48, 180, 'SMS', '0'),
(659, 48, 181, 'Transflash,microSD热插拔micro-SD 内存卡，最大达2G ', '0'),
(660, 48, 182, '58 MB ', '0'),
(661, 48, 184, 'k-java2.0 ', '0'),
(662, 48, 185, '103×44×16 mm ', '0'),
(663, 48, 188, '262144万', '0'),
(664, 48, 189, 'TFT', '0'),
(665, 48, 190, '240×320 像素', '0'),
(666, 48, 191, '1.0英寸 ', '0'),
(667, 48, 192, '支持 ', '0'),
(668, 48, 193, '支持 ', '0'),
(669, 48, 195, '支持立体声蓝牙耳机 ', '0'),
(670, 48, 198, '单一 ', '0'),
(671, 48, 200, '是 ', '0'),
(672, 48, 201, '200 万摄像头', '0'),
(673, 48, 202, 'CMOS ', '0'),
(674, 48, 203, '数码变焦5倍数码变焦 ', '0'),
(675, 48, 204, '有声视频拍摄 ', '0'),
(676, 48, 205, 'MP3播放列表：普通、最爱、外部，可换播放面板，支持音频格式：AAC、AAC+、MP3', '0'),
(677, 48, 206, 'H.263、MPEG4 ', '0'),
(678, 48, 187, '黑色', ''),
(707, 42, 212, '线控耳机', '10'),
(708, 42, 212, '蓝牙耳机', '200'),
(709, 42, 212, '数据线', '50'),
(711, 51, 173, '2008年07月', '0'),
(712, 51, 174, '3G(GSM,900,1800,1900,TD-SCDMA )', '0'),
(713, 51, 175, '视频通话时间：150-200（只TD-SCDMA网），语音通话时间：210-300分钟（TD-SCDMA网或GSM网） 分钟', '0'),
(714, 51, 176, 'MIDI,MP3,AAC,WMA ', '0'),
(715, 51, 177, '支持 ', '0'),
(716, 51, 179, '直板', '0'),
(717, 51, 180, 'SMS,EMS,MMS ', '0'),
(718, 51, 182, '系统内存8MB+用户内存64MB MB ', '0'),
(719, 51, 185, '117 x 49 x 15 mm ', '0'),
(723, 51, 188, '262144万', '0'),
(724, 51, 189, 'TFT', '0'),
(725, 51, 190, '176x220 像素', '0'),
(726, 51, 191, '1.9英寸 ', '0'),
(727, 51, 192, '支持 ', '0'),
(728, 51, 194, 'GPRS,EDGEclass 10 ', '0'),
(729, 51, 195, '支持立体声蓝牙耳机 ', '0'),
(730, 51, 196, 'USB2.0高速传送 ', '0'),
(731, 51, 198, '多重闹钟三组人性化周期闹钟设计，可按自定义周期设定重复响闹 ', '0'),
(732, 51, 200, '是 ', '0'),
(733, 51, 201, '200 万摄像头 ', '0'),
(734, 51, 202, 'CMOS ', '0'),
(735, 51, 205, '支持MP3, AAC, AAC+等多种视频、音频格式 ', '0'),
(736, 51, 211, 'HTML网络浏览，支持用户浏览器： Techsoft browser 1.0 ', '0'),
(737, 51, 187, '黑色', ''),
(742, 52, 176, '120-160 小时 ', '0'),
(743, 52, 177, '支持 ', '0'),
(744, 52, 178, 'MIDI,MP3 ', '0'),
(745, 52, 179, '直板', '0'),
(746, 52, 180, 'SMS,EMS,MMS,超长信息发送,短消息群发彩信支持GIF、JPEG、WBMP、BMP 等格式的图片显示；支持MIDI、MP3等格式的声音播放', '0'),
(747, 52, 181, 'microSD，支持microSD卡扩展最大可到2G ', '0'),
(748, 52, 182, '80M ', '0'),
(749, 52, 183, '其它THREAD X ', '0'),
(750, 52, 184, 'k-java2.0 ', '0'),
(751, 52, 185, '113.1*54.8*16.7 mm ', '0'),
(752, 52, 188, '262144万', '0'),
(753, 52, 189, 'TFT', '0'),
(754, 52, 190, '320×240 像素', '0'),
(755, 52, 191, '2.6英寸 ', '0'),
(756, 52, 192, '支持 ', '0'),
(757, 52, 194, 'GPRS ', '0'),
(758, 52, 195, '支持蓝牙立体声 ', '0'),
(759, 52, 198, '单一 ', '0'),
(760, 52, 200, '是 ', '0'),
(761, 52, 201, '200 万摄像头 ', '0'),
(762, 52, 202, 'CMOS ', '0'),
(763, 52, 204, '有声视频拍摄 ', '0'),
(764, 52, 205, '支持MP3后台播放 ', '0'),
(765, 52, 206, '持3gp和mp4格式流媒体文件播放', '0'),
(766, 52, 187, '银色', ''),
(767, 53, 173, '2008年06月', '0'),
(769, 53, 174, '双模（GSM,900,1800,CDMA 1X）', '0'),
(770, 53, 175, '210-300 分钟', '0'),
(771, 53, 176, '130-190 小时 ', '0'),
(772, 53, 177, '支持 ', '0'),
(773, 53, 178, 'MIDI,MP3 ', '0'),
(774, 53, 179, '翻盖', '0'),
(775, 53, 180, 'SMS,EMS,MMS,超长信息发送,短消息群发 ', '0'),
(776, 53, 181, 'microSD最大支持4GB', '0'),
(777, 53, 182, '150 MB ', '0'),
(778, 53, 183, 'Linux ', '0'),
(779, 53, 184, 'k-java ', '0'),
(780, 53, 185, '95.3x 52.5x24.95 mm ', '0'),
(781, 53, 188, '262144万', '0'),
(782, 53, 189, 'TFT', '0'),
(783, 53, 190, '240×320 像素', '0'),
(784, 53, 191, '2.4英寸 ', '0'),
(785, 53, 192, '支持 ，手写连笔草书识别 ', '0'),
(786, 53, 193, '支持 ', '0'),
(787, 53, 194, 'GPRS ', '0'),
(788, 53, 195, 'Class 2 Ver1.2,无线立体声音乐传输 ', '0'),
(789, 53, 196, '独立触屏GPS导航，具备独立卫星定位模式和卫星网络混合定位模式 ', '0'),
(790, 53, 200, '是 ', '0'),
(791, 53, 201, '300 万摄像头 ', '0'),
(792, 53, 198, '单一 ', '0'),
(793, 53, 199, 'Office文档浏览 ', '0'),
(794, 53, 202, 'CMOS ', '0'),
(795, 53, 203, '自动对焦 ', '0'),
(796, 53, 204, '支持H.263，MPEG4，3GP ', '0'),
(797, 53, 187, '黑色', '');

--
-- `ecs_goods_gallery`
--

INSERT INTO `ecs_goods_gallery` (`img_id`, `goods_id`, `img_url`, `img_desc`, `thumb_url`, `img_original`) VALUES
(1, 3, 'images/200810/goods_img/3_P_1225044875027.jpg', '', 'images/200810/thumb_img/3_thumb_P_1225044875266.jpg', 'images/200810/source_img/3_P_1225044875245.jpg'),
(2, 15, 'images/200810/goods_img/15_P_1225045110702.jpg', '', 'images/200810/thumb_img/15_thumb_P_1225045110711.jpg', 'images/200810/source_img/15_P_1225045110916.jpg'),
(3, 16, 'images/200810/goods_img/16_P_1225046276009.jpg', '', 'images/200810/thumb_img/16_thumb_P_1225046276436.jpg', 'images/200810/source_img/16_P_1225046276680.jpg'),
(4, 17, 'images/200810/goods_img/17_P_1225046386337.jpg', '', 'images/200810/thumb_img/17_thumb_P_1225046386512.jpg', 'images/200810/source_img/17_P_1225046386425.jpg'),
(5, 17, 'images/200810/goods_img/17_P_1225048178288.jpg', '', 'images/200810/thumb_img/17_thumb_P_1225048178743.jpg', 'images/200810/source_img/17_P_1225048178224.jpg'),
(6, 16, 'images/200810/goods_img/16_P_1225048193280.jpg', '', 'images/200810/thumb_img/16_thumb_P_1225048193849.jpg', 'images/200810/source_img/16_P_1225048193130.jpg'),
(7, 15, 'images/200810/goods_img/15_P_1225048506614.jpg', '', 'images/200810/thumb_img/15_thumb_P_1225048506867.jpg', 'images/200810/source_img/15_P_1225048506257.jpg'),
(8, 3, 'images/200810/goods_img/3_P_1225048690911.jpg', '', 'images/200810/thumb_img/3_thumb_P_1225048690925.jpg', 'images/200810/source_img/3_P_1225048690913.jpg'),
(9, 18, 'images/200810/goods_img/18_P_1225049339654.jpg', '', 'images/200810/thumb_img/18_thumb_P_1225049339638.jpg', 'images/200810/source_img/18_P_1225049339862.jpg'),
(10, 19, 'images/200810/goods_img/19_P_1225049490243.jpg', '', 'images/200810/thumb_img/19_thumb_P_1225049490039.jpg', 'images/200810/source_img/19_P_1225049490279.jpg'),
(11, 20, 'images/200810/goods_img/20_P_1225049524870.jpg', '', 'images/200810/thumb_img/20_thumb_P_1225049524899.jpg', 'images/200810/source_img/20_P_1225049524650.jpg'),
(12, 21, 'images/200810/goods_img/21_P_1225049555626.jpg', '', 'images/200810/thumb_img/21_thumb_P_1225049555409.jpg', 'images/200810/source_img/21_P_1225049555514.jpg'),
(13, 22, 'images/200810/goods_img/22_P_1225049747197.jpg', '', 'images/200810/thumb_img/22_thumb_P_1225049747338.jpg', 'images/200810/source_img/22_P_1225049747762.jpg'),
(14, 23, 'images/200810/goods_img/23_P_1225050235566.jpg', '', 'images/200810/thumb_img/23_thumb_P_1225050235712.jpg', 'images/200810/source_img/23_P_1225050235352.jpg'),
(15, 24, 'images/200810/goods_img/24_P_1225050262052.jpg', '', 'images/200810/thumb_img/24_thumb_P_1225050262173.jpg', 'images/200810/source_img/24_P_1225050262394.jpg'),
(16, 25, 'images/200810/goods_img/25_P_1225050295517.jpg', '', 'images/200810/thumb_img/25_thumb_P_1225050295168.jpg', 'images/200810/source_img/25_P_1225050295685.jpg'),
(17, 26, 'images/200810/goods_img/26_P_1225050324857.jpg', '', 'images/200810/thumb_img/26_thumb_P_1225050324529.jpg', 'images/200810/source_img/26_P_1225050324304.jpg'),
(18, 27, 'images/200810/goods_img/27_P_1225050328714.jpg', '', 'images/200810/thumb_img/27_thumb_P_1225050328633.jpg', 'images/200810/source_img/27_P_1225050328389.jpg'),
(41, 30, 'images/200810/goods_img/30_P_1225055875706.gif', '', 'images/200810/thumb_img/30_thumb_P_1225055875068.jpg', 'images/200810/source_img/30_P_1225055875645.gif'),
(20, 26, 'images/200810/goods_img/26_P_1225051574089.jpg', '', 'images/200810/thumb_img/26_thumb_P_1225051574683.jpg', 'images/200810/source_img/26_P_1225051574444.jpg'),
(21, 26, 'images/200810/goods_img/26_P_1225051574850.jpg', '', 'images/200810/thumb_img/26_thumb_P_1225051574788.jpg', 'images/200810/source_img/26_P_1225051574776.jpg'),
(22, 26, 'images/200810/goods_img/26_P_1225051574850.jpg', '', 'images/200810/thumb_img/26_thumb_P_1225051574046.jpg', 'images/200810/source_img/26_P_1225051574508.jpg'),
(23, 26, 'images/200810/goods_img/26_P_1225051574688.jpg', '', 'images/200810/thumb_img/26_thumb_P_1225051574446.jpg', 'images/200810/source_img/26_P_1225051574844.jpg'),
(24, 26, 'images/200810/goods_img/26_P_1225051574193.jpg', '', 'images/200810/thumb_img/26_thumb_P_1225051574552.jpg', 'images/200810/source_img/26_P_1225051574131.jpg'),
(25, 28, 'images/200810/goods_img/28_P_1225052697520.jpg', '', 'images/200810/thumb_img/28_thumb_P_1225052697178.jpg', 'images/200810/source_img/28_P_1225052697817.jpg'),
(26, 28, 'images/200810/goods_img/28_P_1225052697313.jpg', '', 'images/200810/thumb_img/28_thumb_P_1225052697396.jpg', 'images/200810/source_img/28_P_1225052697105.jpg'),
(27, 28, 'images/200810/goods_img/28_P_1225052697948.jpg', '', 'images/200810/thumb_img/28_thumb_P_1225052697148.jpg', 'images/200810/source_img/28_P_1225052697973.jpg'),
(28, 28, 'images/200810/goods_img/28_P_1225052697625.jpg', '', 'images/200810/thumb_img/28_thumb_P_1225052697418.jpg', 'images/200810/source_img/28_P_1225052697564.jpg'),
(29, 28, 'images/200810/goods_img/28_P_1225052697850.jpg', '', 'images/200810/thumb_img/28_thumb_P_1225052697931.jpg', 'images/200810/source_img/28_P_1225052697819.jpg'),
(42, 31, 'images/200810/goods_img/31_P_1225056807205.jpg', '', 'images/200810/thumb_img/31_thumb_P_1225056807337.jpg', 'images/200810/source_img/31_P_1225056807175.jpg'),
(31, 29, 'images/200810/goods_img/29_P_1225054501476.jpg', '', 'images/200810/thumb_img/29_thumb_P_1225054501918.jpg', 'images/200810/source_img/29_P_1225054501556.jpg'),
(32, 29, 'images/200810/goods_img/29_P_1225054635963.jpg', '', 'images/200810/thumb_img/29_thumb_P_1225054635530.jpg', 'images/200810/source_img/29_P_1225054635175.jpg'),
(33, 29, 'images/200810/goods_img/29_P_1225054636027.jpg', '', 'images/200810/thumb_img/29_thumb_P_1225054636359.jpg', 'images/200810/source_img/29_P_1225054636924.jpg'),
(34, 29, 'images/200810/goods_img/29_P_1225054636328.jpg', '', 'images/200810/thumb_img/29_thumb_P_1225054636028.jpg', 'images/200810/source_img/29_P_1225054636144.jpg'),
(35, 29, 'images/200810/goods_img/29_P_1225054637739.jpg', '', 'images/200810/thumb_img/29_thumb_P_1225054637112.jpg', 'images/200810/source_img/29_P_1225054637985.jpg'),
(36, 29, 'images/200810/goods_img/29_P_1225054637372.jpg', '', 'images/200810/thumb_img/29_thumb_P_1225054637162.jpg', 'images/200810/source_img/29_P_1225054637632.jpg'),
(37, 29, 'images/200810/goods_img/29_P_1225054637086.jpg', '', 'images/200810/thumb_img/29_thumb_P_1225054637756.jpg', 'images/200810/source_img/29_P_1225054637701.jpg'),
(38, 29, 'images/200810/goods_img/29_P_1225054637995.jpg', '', 'images/200810/thumb_img/29_thumb_P_1225054637403.jpg', 'images/200810/source_img/29_P_1225054637573.jpg'),
(39, 29, 'images/200810/goods_img/29_P_1225054637472.jpg', '', 'images/200810/thumb_img/29_thumb_P_1225054637221.jpg', 'images/200810/source_img/29_P_1225054637740.jpg'),
(40, 29, 'images/200810/goods_img/29_P_1225054637104.jpg', '', 'images/200810/thumb_img/29_thumb_P_1225054637504.jpg', 'images/200810/source_img/29_P_1225054637162.jpg'),
(43, 31, 'images/200810/goods_img/31_P_1225056807080.jpg', '', 'images/200810/thumb_img/31_thumb_P_1225056807509.jpg', 'images/200810/source_img/31_P_1225056807234.jpg'),
(44, 31, 'images/200810/goods_img/31_P_1225056807183.jpg', '', 'images/200810/thumb_img/31_thumb_P_1225056807584.jpg', 'images/200810/source_img/31_P_1225056807208.jpg'),
(45, 31, 'images/200810/goods_img/31_P_1225056807757.jpg', '', 'images/200810/thumb_img/31_thumb_P_1225056807073.jpg', 'images/200810/source_img/31_P_1225056807096.jpg'),
(46, 31, 'images/200810/goods_img/31_P_1225056807606.jpg', '', 'images/200810/thumb_img/31_thumb_P_1225056807635.jpg', 'images/200810/source_img/31_P_1225056807898.jpg'),
(47, 31, 'images/200810/goods_img/31_P_1225056807150.jpg', '', 'images/200810/thumb_img/31_thumb_P_1225056807790.jpg', 'images/200810/source_img/31_P_1225056807868.jpg'),
(48, 31, 'images/200810/goods_img/31_P_1225056807266.jpg', '', 'images/200810/thumb_img/31_thumb_P_1225056807444.jpg', 'images/200810/source_img/31_P_1225056807369.jpg'),
(49, 32, 'images/200810/goods_img/32_P_1225057782296.jpg', '', 'images/200810/thumb_img/32_thumb_P_1225057782823.jpg', 'images/200810/source_img/32_P_1225057782046.jpg'),
(50, 32, 'images/200810/goods_img/32_P_1225057782108.jpg', '', 'images/200810/thumb_img/32_thumb_P_1225057782244.jpg', 'images/200810/source_img/32_P_1225057782812.jpg'),
(51, 32, 'images/200810/goods_img/32_P_1225057783197.jpg', '', 'images/200810/thumb_img/32_thumb_P_1225057783954.jpg', 'images/200810/source_img/32_P_1225057783088.jpg'),
(52, 32, 'images/200810/goods_img/32_P_1225057783696.jpg', '', 'images/200810/thumb_img/32_thumb_P_1225057783816.jpg', 'images/200810/source_img/32_P_1225057783949.jpg'),
(53, 32, 'images/200810/goods_img/32_P_1225057783850.jpg', '', 'images/200810/thumb_img/32_thumb_P_1225057783240.jpg', 'images/200810/source_img/32_P_1225057783470.jpg'),
(59, 34, 'images/200810/goods_img/34_P_1225058436332.jpg', '', 'images/200810/thumb_img/34_thumb_P_1225058436727.jpg', 'images/200810/source_img/34_P_1225058436295.jpg'),
(55, 32, 'images/200810/goods_img/32_P_1225057784301.jpg', '', 'images/200810/thumb_img/32_thumb_P_1225057784395.jpg', 'images/200810/source_img/32_P_1225057784164.jpg'),
(56, 32, 'images/200810/goods_img/32_P_1225057784108.jpg', '', 'images/200810/thumb_img/32_thumb_P_1225057784325.jpg', 'images/200810/source_img/32_P_1225057784648.jpg'),
(58, 33, 'images/200810/goods_img/33_P_1225058124077.jpg', '', 'images/200810/thumb_img/33_thumb_P_1225058124048.jpg', 'images/200810/source_img/33_P_1225058124342.jpg'),
(60, 35, 'images/200810/goods_img/35_P_1225058906028.jpg', '', 'images/200810/thumb_img/35_thumb_P_1225058906626.jpg', 'images/200810/source_img/35_P_1225058906433.jpg'),
(61, 36, 'images/200810/goods_img/36_P_1225059299186.jpg', '', 'images/200810/thumb_img/36_thumb_P_1225059299610.jpg', 'images/200810/source_img/36_P_1225059299332.jpg'),
(62, 36, 'images/200810/goods_img/36_P_1225059299232.jpg', '', 'images/200810/thumb_img/36_thumb_P_1225059299750.jpg', 'images/200810/source_img/36_P_1225059299114.jpg'),
(63, 37, 'images/200810/goods_img/37_P_1225059438545.jpg', '', 'images/200810/thumb_img/37_thumb_P_1225059438916.jpg', 'images/200810/source_img/37_P_1225059438739.jpg'),
(64, 37, 'images/200810/goods_img/37_P_1225059882606.jpg', '', 'images/200810/thumb_img/37_thumb_P_1225059882695.jpg', 'images/200810/source_img/37_P_1225059882466.jpg'),
(65, 37, 'images/200810/goods_img/37_P_1225059882481.jpg', '', 'images/200810/thumb_img/37_thumb_P_1225059882674.jpg', 'images/200810/source_img/37_P_1225059882815.jpg'),
(66, 37, 'images/200810/goods_img/37_P_1225059882379.jpg', '', 'images/200810/thumb_img/37_thumb_P_1225059882861.jpg', 'images/200810/source_img/37_P_1225059882543.jpg'),
(67, 37, 'images/200810/goods_img/37_P_1225059882398.JPG', '', 'images/200810/thumb_img/37_thumb_P_1225059882711.jpg', 'images/200810/source_img/37_P_1225059882395.JPG'),
(68, 37, 'images/200810/goods_img/37_P_1225059882918.jpg', '', 'images/200810/thumb_img/37_thumb_P_1225059882427.jpg', 'images/200810/source_img/37_P_1225059882744.jpg'),
(69, 37, 'images/200810/goods_img/37_P_1225059882881.jpg', '', 'images/200810/thumb_img/37_thumb_P_1225059882582.jpg', 'images/200810/source_img/37_P_1225059882668.jpg'),
(70, 38, 'images/200810/goods_img/38_P_1225060310064.jpg', '', 'images/200810/thumb_img/38_thumb_P_1225060310948.jpg', 'images/200810/source_img/38_P_1225060310955.jpg'),
(71, 39, 'images/200810/goods_img/39_P_1225060422208.jpg', '', 'images/200810/thumb_img/39_thumb_P_1225060422309.jpg', 'images/200810/source_img/39_P_1225060422963.jpg'),
(72, 41, 'images/200810/goods_img/41_P_1225060696072.jpg', '', 'images/200810/thumb_img/41_thumb_P_1225060696254.jpg', 'images/200810/source_img/41_P_1225060696703.jpg'),
(73, 39, 'images/200810/goods_img/39_P_1225060764539.jpg', '', 'images/200810/thumb_img/39_thumb_P_1225060764902.jpg', 'images/200810/source_img/39_P_1225060764056.jpg'),
(74, 39, 'images/200810/goods_img/39_P_1225060764855.jpg', '', 'images/200810/thumb_img/39_thumb_P_1225060764967.jpg', 'images/200810/source_img/39_P_1225060764611.jpg'),
(75, 39, 'images/200810/goods_img/39_P_1225060765417.jpg', '', 'images/200810/thumb_img/39_thumb_P_1225060765769.jpg', 'images/200810/source_img/39_P_1225060765642.jpg'),
(76, 39, 'images/200810/goods_img/39_P_1225060765836.jpg', '', 'images/200810/thumb_img/39_thumb_P_1225060765226.jpg', 'images/200810/source_img/39_P_1225060765974.jpg'),
(77, 39, 'images/200810/goods_img/39_P_1225060765192.jpg', '', 'images/200810/thumb_img/39_thumb_P_1225060765961.jpg', 'images/200810/source_img/39_P_1225060765431.jpg'),
(78, 42, 'images/200810/goods_img/42_P_1225061201744.JPG', '', 'images/200810/thumb_img/42_thumb_P_1225061201944.jpg', 'images/200810/source_img/42_P_1225061201181.JPG'),
(79, 42, 'images/200810/goods_img/42_P_1225061683832.JPG', '', 'images/200810/thumb_img/42_thumb_P_1225061683530.jpg', 'images/200810/source_img/42_P_1225061683353.JPG'),
(80, 42, 'images/200810/goods_img/42_P_1225061683895.JPG', '', 'images/200810/thumb_img/42_thumb_P_1225061683708.jpg', 'images/200810/source_img/42_P_1225061683950.JPG'),
(81, 42, 'images/200810/goods_img/42_P_1225061684559.JPG', '', 'images/200810/thumb_img/42_thumb_P_1225061684935.jpg', 'images/200810/source_img/42_P_1225061684671.JPG'),
(82, 42, 'images/200810/goods_img/42_P_1225061684692.jpg', '', 'images/200810/thumb_img/42_thumb_P_1225061684364.jpg', 'images/200810/source_img/42_P_1225061684979.jpg'),
(83, 43, 'images/200810/goods_img/43_P_1225062505880.jpg', '', 'images/200810/thumb_img/43_thumb_P_1225062505654.jpg', 'images/200810/source_img/43_P_1225062505500.jpg'),
(84, 36, 'images/200810/goods_img/36_P_1225063303716.jpg', '', 'images/200810/thumb_img/36_thumb_P_1225063303937.jpg', 'images/200810/source_img/36_P_1225063303059.jpg'),
(85, 43, 'images/200810/goods_img/43_P_1225063457472.jpg', '', 'images/200810/thumb_img/43_thumb_P_1225063457160.jpg', 'images/200810/source_img/43_P_1225063457006.jpg'),
(86, 43, 'images/200810/goods_img/43_P_1225063457608.gif', '', 'images/200810/thumb_img/43_thumb_P_1225063457761.jpg', 'images/200810/source_img/43_P_1225063457755.gif'),
(87, 43, 'images/200810/goods_img/43_P_1225063458801.gif', '', 'images/200810/thumb_img/43_thumb_P_1225063458676.jpg', 'images/200810/source_img/43_P_1225063458988.gif'),
(88, 44, 'images/200810/goods_img/44_P_1225063719833.jpg', '', 'images/200810/thumb_img/44_thumb_P_1225063719685.jpg', 'images/200810/source_img/44_P_1225063719024.jpg'),
(89, 45, 'images/200810/goods_img/45_P_1225063816171.jpg', '', 'images/200810/thumb_img/45_thumb_P_1225063816399.jpg', 'images/200810/source_img/45_P_1225063816356.jpg'),
(90, 46, 'images/200810/goods_img/46_P_1225063903739.jpg', '', 'images/200810/thumb_img/46_thumb_P_1225063903165.jpg', 'images/200810/source_img/46_P_1225063903726.jpg'),
(91, 47, 'images/200810/goods_img/47_P_1225063976331.jpg', '', 'images/200810/thumb_img/47_thumb_P_1225063976014.jpg', 'images/200810/source_img/47_P_1225063976840.jpg'),
(92, 48, 'images/200810/goods_img/48_P_1225064307637.gif', '', 'images/200810/thumb_img/48_thumb_P_1225064307718.jpg', 'images/200810/source_img/48_P_1225064307156.gif'),
(93, 47, 'images/200810/goods_img/47_P_1225064362193.jpg', '', 'images/200810/thumb_img/47_thumb_P_1225064362941.jpg', 'images/200810/source_img/47_P_1225064362397.jpg'),
(94, 46, 'images/200810/goods_img/46_P_1225064509091.jpg', '', 'images/200810/thumb_img/46_thumb_P_1225064509411.jpg', 'images/200810/source_img/46_P_1225064509130.jpg'),
(95, 45, 'images/200810/goods_img/45_P_1225064880694.jpg', '', 'images/200810/thumb_img/45_thumb_P_1225064880419.jpg', 'images/200810/source_img/45_P_1225064880651.jpg'),
(96, 44, 'images/200810/goods_img/44_P_1225065001997.jpg', '', 'images/200810/thumb_img/44_thumb_P_1225065001290.jpg', 'images/200810/source_img/44_P_1225065001332.jpg'),
(97, 48, 'images/200810/goods_img/48_P_1225065231818.jpg', '', 'images/200810/thumb_img/48_thumb_P_1225065231668.jpg', 'images/200810/source_img/48_P_1225065231607.jpg'),
(98, 48, 'images/200810/goods_img/48_P_1225065231546.jpg', '', 'images/200810/thumb_img/48_thumb_P_1225065231004.jpg', 'images/200810/source_img/48_P_1225065231371.jpg'),
(99, 48, 'images/200810/goods_img/48_P_1225065231932.jpg', '', 'images/200810/thumb_img/48_thumb_P_1225065231586.jpg', 'images/200810/source_img/48_P_1225065231451.jpg'),
(101, 49, 'images/200810/goods_img/49_P_1225066317933.jpg', '', 'images/200810/thumb_img/49_thumb_P_1225066317248.jpg', 'images/200810/source_img/49_P_1225066317043.jpg'),
(102, 49, 'images/200810/goods_img/49_P_1225066415905.jpg', '', 'images/200810/thumb_img/49_thumb_P_1225066415213.jpg', 'images/200810/source_img/49_P_1225066415858.jpg'),
(103, 51, 'images/200810/goods_img/51_P_1225067584687.jpg', '', 'images/200810/thumb_img/51_thumb_P_1225067584550.jpg', 'images/200810/source_img/51_P_1225067584617.jpg'),
(104, 51, 'images/200810/goods_img/51_P_1225068215794.jpg', '', 'images/200810/thumb_img/51_thumb_P_1225068215983.jpg', 'images/200810/source_img/51_P_1225068215606.jpg'),
(105, 51, 'images/200810/goods_img/51_P_1225068216296.JPG', '', 'images/200810/thumb_img/51_thumb_P_1225068216968.jpg', 'images/200810/source_img/51_P_1225068216174.JPG'),
(106, 40, 'images/200810/goods_img/40_P_1225068969817.jpg', '', 'images/200810/thumb_img/40_thumb_P_1225068969083.jpg', 'images/200810/source_img/40_P_1225068969290.jpg'),
(107, 40, 'images/200810/goods_img/40_P_1225068969134.jpg', '', 'images/200810/thumb_img/40_thumb_P_1225068969171.jpg', 'images/200810/source_img/40_P_1225068969006.jpg'),
(108, 52, 'images/200810/goods_img/52_P_1225069224765.JPG', '', 'images/200810/thumb_img/52_thumb_P_1225069224559.jpg', 'images/200810/source_img/52_P_1225069224419.JPG'),
(110, 53, 'images/200810/goods_img/53_P_1225070737272.gif', '', 'images/200810/thumb_img/53_thumb_P_1225070737749.jpg', 'images/200810/source_img/53_P_1225070737222.gif'),
(111, 53, 'images/200810/goods_img/53_P_1225071888493.jpg', '', 'images/200810/thumb_img/53_thumb_P_1225071888110.jpg', 'images/200810/source_img/53_P_1225071888726.jpg'),
(112, 53, 'images/200810/goods_img/53_P_1225071889108.jpg', '', 'images/200810/thumb_img/53_thumb_P_1225071889870.jpg', 'images/200810/source_img/53_P_1225071889794.jpg');

--
-- `ecs_payment`
--

INSERT INTO `ecs_payment` (`pay_id`, `pay_code`, `pay_name`, `pay_fee`, `pay_desc`, `pay_order`, `pay_config`, `enabled`, `is_cod`, `is_online`) VALUES (1, 'tenpay', '<font color="#FF0000">财付通</font>', '0', '<b>财付通（www.tenpay.com） - 腾讯旗下在线支付平台，通过国家权威安全认证，支持各大银行网上支付，免支付手续费。</b>', 0, 'a:3:{i:0;a:3:{s:4:"name";s:14:"tenpay_account";s:4:"type";s:4:"text";s:5:"value";s:0:"";}i:1;a:3:{s:4:"name";s:10:"tenpay_key";s:4:"type";s:4:"text";s:5:"value";s:0:"";}i:2;a:3:{s:4:"name";s:12:"magic_string";s:4:"type";s:4:"text";s:5:"value";s:0:"";}}', 0, 0, 1),
(2, 'cod', '货到付款', '0', '开通城市：北京\r\n货到付款区域：五环内', 0, 'a:0:{}', 1, 1, 0),
(3, 'bank', '银行汇款/转帐', '0', '银行名称\r\n收款人信息：全称 ××× ；帐号或地址 ××× ；开户行 ×××。\r\n注意事项：办理电汇时，请在电汇单“汇款用途”一栏处注明您的订单号。', 0, 'a:0:{}', 1, 0, 0),
(4, 'balance', '余额支付', '10', '使用帐户余额支付。只有会员才能使用，通过设置信用额度，可以透支。', 0, 'a:0:{}', 1, 0, 1),
(5, 'post', '邮局汇款', '0', '收款人信息：姓名 ××× ；地址 ××× ；邮编 ××× 。\r\n注意事项： 请在汇款单背面的附言中注明您的订单号，只填写后6位即可。', 0, 'a:0:{}', 1, 0, 0);

--
-- `ecs_shipping`
--

INSERT INTO `ecs_shipping` (`shipping_id`, `shipping_code`, `shipping_name`, `shipping_desc`, `insure`, `support_cod`, `enabled`, `shipping_print`) VALUES (1, 'yto', '圆通速递', '上海圆通物流（速递）有限公司经过多年的网络快速发展，在中国速递行业中一直处于领先地位。为了能更好的发展国际快件市场，加快与国际市场的接轨，强化圆通的整体实力，圆通已在东南亚、欧美、中东、北美洲、非洲等许多城市运作国际快件业务', '0', 1, 1, '');

INSERT INTO `ecs_area_region` (`shipping_area_id`, `region_id`) VALUES (1, 1);

--
-- `ecs_shipping_area`
--

INSERT INTO `ecs_shipping_area` (`shipping_area_id`, `shipping_area_name`, `shipping_id`, `configure`) VALUES (1, '国内', 1, 'a:4:{i:0;a:2:{s:4:"name";s:9:"basic_fee";s:5:"value";s:1:"5";}i:1;a:2:{s:4:"name";s:8:"step_fee";s:5:"value";s:1:"5";}i:2;a:2:{s:4:"name";s:10:"free_money";s:5:"value";s:3:"120";}i:3;a:2:{s:4:"name";s:7:"pay_fee";s:5:"value";s:1:"1";}}');

--
-- `ecs_cat_recommend`
--

INSERT INTO `ecs_cat_recommend` (`cat_id`, `recommend_type`) VALUES
(2, 1),
(2, 2),
(2, 3),
(3, 1),
(3, 2),
(3, 3),
(4, 1),
(4, 2),
(4, 3),
(5, 1),
(5, 2),
(5, 3),
(6, 1),
(6, 2),
(6, 3);

--
-- `ecs_goods_activity`
--
INSERT INTO `ecs_goods_activity` (`act_id`, `act_name`, `act_desc`, `act_type`, `goods_id`, `goods_name`, `start_time`, `end_time`, `is_finished`, `ext_info`) VALUES
(1, '诺基亚N95', '团购诺基亚N95,马上超低价获得~~', 1, 31, '诺基亚N95', 1223280000, 1288425600, 0, 'a:4:{s:12:"price_ladder";a:3:{i:0;a:2:{s:6:"amount";i:5;s:5:"price";d:1700;}i:1;a:2:{s:6:"amount";i:8;s:5:"price";d:1600;}i:2;a:2:{s:6:"amount";i:10;s:5:"price";d:1500;}}s:15:"restrict_amount";i:10;s:13:"gift_integral";i:0;s:7:"deposit";d:100;}'),
(2, '爱心手机拍卖活动', '1、在单品拍卖时间段内，随着时间变化，拍品的价格会不断自动上升。\r\n\r\n　　2、同一用户名不得重复出价，无出价人数限制，只有一人成交。您的出价必须高于“当前价格”加上“最少加价”之和。我们设定的“最小加价”均为10元。\r\n\r\n　　3、竞拍结束后，出价最高者为该商品的最终买受人。如果最高出价用户放弃该商品，那么视为此项竞拍未成交。\r\n\r\n　　4、 参加拍卖的朋友，请您注册时务必详细填写个人信息，留下真实姓名电话，以便我们在竞拍结束后及时联系您，您也可以拨打010-65363618确认成交。如我们联系不到您，您也没有及时确认成交，我们将视同您自动放弃购买所拍的产品。如同一用户名出现两次竞拍成功后又放弃购买的情况，将永久取消该用户名的竞拍权利。商品的购买权将自动转给下一个出价最高者，依次类推。\r\n', 2, 30, '恒基伟业G101', 1223193600, 1319702400, 0, 'a:5:{s:7:"deposit";d:1;s:11:"start_price";d:1;s:9:"end_price";i:0;s:9:"amplitude";d:10;s:6:"no_top";i:1;}'),
(3, '勇夺诺基亚7610s', '夺宝奇兵活动本期范围是1-5000，本店中在网上任意填写一个该范围内的整数，如果该数字是同期所有竞拍数字中最小且唯一的，那么猜中该数字的用户就可以用其数字所代表的价格购买活动中公布的产品，每竞拍一个数字扣取一个积分。\r\n\r\n最小唯一的价格为获胜者,将以该价格成交.\r\n\r\n\r\n\r\n', 0, 29, '诺基亚7610s', 1223328900, 1416461700, 0, 'a:4:{s:11:"start_price";s:1:"1";s:9:"end_price";s:4:"5000";s:9:"max_price";s:4:"1500";s:11:"cost_points";s:1:"1";}');

--
-- `ecs_bonus_type`
--
INSERT INTO `ecs_bonus_type` (`type_id`, `type_name`, `type_money`, `send_type`, `min_amount`, `max_amount`, `send_start_date`, `send_end_date`, `use_start_date`, `use_end_date`, `min_goods_amount`) VALUES
(1, '订单红包', 10.00, 2, 500.00, 0.00, 1225008000, 1227686400, 1225008000, 1259308800, 1000.00),
(2, '红包优惠券', 1.00, 3, 0.00, 0.00, 1225008000, 1227686400, 1222761600, 1322294400, 100.00),
(3, '商品红包', 1.00, 1, 0.00, 0.00, 1225008000, 1322294400, 1224748800, 1385452800, 80.00),
(4, '会员红包', 1.00, 0, 0.00, 0.00, 1225008000, 1227686400, 1223366400, 1321516800, 120.00);

--
-- `ecs_pack`
--
INSERT INTO `ecs_pack` (`pack_id`, `pack_name`, `pack_img`, `pack_fee`, `free_money`, `pack_desc`) VALUES
(2, '精美包装', '1225059643155560512.gif', 5, 500, '精美包装');

--
-- `ecs_card`
--
INSERT INTO `ecs_card` (`card_id`, `card_name`, `card_img`, `card_fee`, `free_money`, `card_desc`) VALUES
(1, '春节快乐', '1225058063897415068.jpg', 1.00, 5.00, '让我这份祝福跨过重重高山，掠过臭水沟闯过红绿灯，跳过大马路窜过小胡同，闪过卖冰棍的老太太，钻进你耳朵里：春节快乐！');

--
-- `ecs_group_goods`
--
INSERT INTO `ecs_group_goods` VALUES
(32, 44, 28.00, 1),
(32, 47, 68.00, 1),
(32, 46, 100.00, 1),
(32, 45, 35.00, 1),
(32, 49, 199.00, 1),
(42, 49, 100.00, 1);

--
-- `ecs_user_rank`
--
INSERT INTO `ecs_user_rank` VALUES
(NULL, '代销价格', 0, 0, 90, 0, 1);

--
-- `ecs_wholesale`
--
INSERT INTO `ecs_wholesale` VALUES
(1, 22, '联通500元充值卡', '1,2', 'a:1:{i:0;a:2:{s:4:"attr";a:0:{}s:7:"qp_list";a:3:{i:0;a:2:{s:8:"quantity";i:10;s:5:"price";d:495;}i:1;a:2:{s:8:"quantity";i:50;s:5:"price";d:490;}i:2;a:2:{s:8:"quantity";i:100;s:5:"price";d:485;}}}}', 1);

--
-- `ecs_favourable_activity`
--
INSERT INTO `ecs_favourable_activity` VALUES
(1, '全线手机大优惠', 1225094400, 1319702400, '1,2', 1, '1', 500.00, 1000.00, 2, 95.00, 'a:0:{}', 0),
(2, '充值优惠', 1225094400, 1225353600, '0,1,2', 1, '6', 500.00, 1000.00, 0, 0.00, 'a:1:{i:0;a:3:{s:2:"id";s:1:"3";s:4:"name";s:14:"移动10元充值卡";s:5:"price";s:1:"5";}}', 0);

--
-- `ecs_users`
--
INSERT INTO `ecs_users` VALUES
(1, 'test@test.com', 'test', 'd41d8cd98f00b204e9800998ecf8427e', '', '', 0, '0000-00-00', 0.00, 0.00, 0, 0, 0, 0, 0, '0000-00-00 00:00:00', '', 0, 0, 0, '0', 0, 0, '', '', '', '', '', '', 0, 0.00),
(2, 'ecshop@ecshop.com', 'ecshop', '554fcae493e564ee0dc75bdf2ebf94ca', '', '', 0, '1948-01-01', 21397.15, 0.00, 22771, 30936, 3, 1224895503, 1225075495, '0000-00-00 00:00:00', '124.207.144.194', 12, 0, 0, '0', 0, 0, '', '', '', '', '', '', 0, 2000.00);

--
-- `ecs_tag`
--
INSERT INTO `ecs_tag` VALUES
(2, 0, 30, '智能手机'),
(3, 2, 34, '智能手机'),
(4, 2, 34, '音乐手机'),
(5, 2, 41, '智能手机'),
(6, 2, 41, '音乐手机'),
(7, 2, 36, '智能手机'),
(8, 2, 36, '音乐手机'),
(9, 2, 31, '智能手机'),
(10, 2, 37, '智能手机'),
(11, 2, 33, '智能手机');

--
-- `ecs_order_action`
--
INSERT INTO `ecs_order_action` VALUES
(1, 2, '16397com', 1, 0, 0, '确认订单', 1225058312),
(2, 2, '16397com', 1, 1, 0, '发货', 1225058388),
(3, 3, '16397com', 1, 1, 2, '发货', 1225058864),
(4, 3, '16397com', 1, 2, 2, '已经收到', 1225058880),
(5, 3, '16397com', 1, 2, 2, '[售后] 收到', 1225058962),
(6, 2, '买家', 1, 2, 0, '', 1225059010),
(7, 4, '16397com', 1, 1, 2, '发货', 1225061936),
(8, 4, '16397com', 1, 2, 2, '收到', 1225061953),
(9, 6, '16397com', 1, 1, 2, '发货', 1225065066),
(10, 5, '16397com', 1, 1, 2, '发货', 1225065084),
(11, 5, '16397com', 1, 2, 2, '收到', 1225065095),
(12, 6, '16397com', 1, 2, 2, '收到', 1225065100),
(13, 7, '16397com', 1, 1, 2, '发货', 1225067114),
(14, 7, '16397com', 1, 2, 2, '收到', 1225067124),
(15, 9, '16397com', 1, 1, 2, '发货', 1225070087);

--
-- `ecs_order_goods`
--
INSERT INTO `ecs_order_goods` VALUES
(1, 1, 26, '诺基亚5320 XpressMusic', 'ECS000026', 5, 2106.00, 100.00, '颜色: 黑蓝', 0, 1, '', 0, 0),
(2, 2, 32, '诺基亚N78', 'ECS000032', 1, 3102.00, 2455.75, '颜色:黑色 \n', 0, 1, '', 0, 0),
(3, 3, 33, '金立 A30', 'ECS000033', 1, 2400.00, 1900.00, '', 0, 1, '', 0, 0),
(4, 4, 40, '三星I688 ', 'ECS000040', 1, 5385.59, 3810.00, '颜色:白色[10] \n配件:线控耳机[50] \n配件:蓝牙耳机[500] \n配件:数据线[40] \n', 0, 1, '', 0, 0),
(5, 5, 48, '摩托罗拉KRZR K2 ', 'ECS000048', 1, 1497.60, 1248.00, '', 0, 1, '', 0, 0),
(6, 6, 42, '摩托罗拉RAZR V8', 'ECS000042', 1, 2382.00, 1800.00, '颜色:黑色 \n', 0, 1, '', 0, 0),
(7, 6, 41, 'LG KF300E', 'ECS000041', 1, 1764.00, 1470.00, '', 0, 1, '', 0, 0),
(8, 6, 38, '夏新N7', 'ECS000038', 1, 2760.00, 2300.00, '', 0, 1, '', 0, 0),
(9, 6, 35, '联想ET860', 'ECS000035', 1, 2184.00, 1820.00, '', 0, 1, '', 0, 0),
(10, 6, 32, '诺基亚N78', 'ECS000032', 1, 3102.00, 2400.00, '颜色:黑色 \n', 0, 1, '', 0, 0),
(11, 6, 29, '诺基亚7610s', 'ECS000029', 1, 2214.00, 1845.00, '颜色:黑红 \n', 0, 1, '', 0, 0),
(12, 6, 28, '诺基亚5610 XpressMusic', 'ECS000028', 1, 2262.00, 1885.00, '颜色:黑红 \n', 0, 1, '', 0, 0),
(13, 7, 45, '原装HS-3诺基亚耳机', 'ECS000045', 9, 42.00, 35.00, '', 0, 1, '', 0, 0),
(14, 7, 32, '诺基亚N78', 'ECS000032', 2, 3102.00, 2400.00, '颜色:黑色 \n', 0, 1, '', 0, 0),
(15, 8, 46, '诺基亚7310c 7310s 7310飞毛腿金品商务电池', 'ECS000046', 1, 120.00, 100.00, '', 0, 1, '', 0, 0),
(16, 9, 52, '夏新T5', 'ECS000052', 1, 3465.60, 2888.00, '颜色:银色 \n', 0, 1, '', 0, 0);

--
-- `ecs_order_info`
--
INSERT INTO `ecs_order_info` VALUES
(1, '2008102789644', 2, 0, 0, 0, '阳阳', 1, 2, 52, 502, '中关村海兴大厦', '100085', '010-25851234', '13986765412', 'aiecshop@163.com', '中午', '法院', '送点东西吧~!!', 1, '圆通速递', 2, '货到付款', '与店主协商', '', '', '', '', '上海商派', '手机 ', 500.00, 0.00, 0.00, 1.00, 0.00, 0.00, 0.00, 0.00, 0, 0.00, 0.00, 501.00, 0, '本站', 1225056344, 0, 0, 0, 0, 0, 0, '', 'group_buy', 1, '', '', 0, '2', 7.50, 0, 0, 0.00),
(2, '2008102732972', 2, 1, 2, 0, '阳阳', 1, 2, 52, 502, '中关村海兴大厦', '100085', '010-25851234', '13986765412', 'aiecshop@163.com', '中午', '法院', '', 1, '圆通速递', 2, '货到付款', '等待所有商品备齐后再发', '', '', '', '', '', '', 2455.75, 0.00, 0.00, 1.00, 0.00, 0.00, 0.00, 0.00, 0, 0.00, 0.00, 2456.75, 0, '本站', 1225058261, 1225058312, 0, 1225058388, 0, 0, 0, 'E089914474', '', 0, '', '', 0, '', 0.00, 0, 0, 0.00),
(3, '2008102763939', 2, 1, 2, 2, '阳阳', 1, 2, 52, 502, '中关村海兴大厦', '100085', '010-25851234', '13986765412', 'aiecshop@163.com', '中午', '法院', '给一个发票', 1, '圆通速递', 4, '余额支付', '取消订单', '', '', '春节快乐', '新春快乐', 'ecshop', '手机电池', 1900.00, 0.00, 0.00, 10.00, 0.00, 0.00, 0.00, 1918.50, 2000, 20.00, 0.00, 0.00, 0, '本站', 1225058833, 1225058833, 1225058833, 1225058864, 0, 1, 0, 'F472577777', '', 0, '', '', 0, '2', 28.50, 0, 0, 0.00),
(4, '2008102729993', 2, 1, 2, 2, '阳阳', 1, 2, 52, 502, '中关村海兴大厦', '100085', '010-25851234', '13986765412', 'aiecshop@163.com', '中午', '法院', '', 1, '圆通速递', 4, '余额支付', '等待所有商品备齐后再发', '', '', '', '', '', '', 3810.00, 0.00, 0.00, 10.00, 0.00, 0.00, 0.00, 3820.00, 0, 0.00, 0.00, 0.00, 0, '本站', 1225061837, 1225061837, 1225061837, 1225061936, 0, 0, 0, 'G688698688', '', 0, '', '', 0, '', 0.00, 0, 0, 0.00),
(5, '2008102794763', 2, 1, 2, 2, '阳阳', 1, 2, 52, 502, '中关村海兴大厦', '100085', '010-25851234', '13986765412', 'aiecshop@163.com', '中午', '法院', '', 1, '圆通速递', 4, '余额支付', '等待所有商品备齐后再发', '', '', '', '', '', '', 1248.00, 0.00, 0.00, 10.00, 0.00, 0.00, 0.00, 1258.00, 0, 0.00, 0.00, 0.00, 0, '本站', 1225064822, 1225064822, 1225064822, 1225065084, 0, 0, 0, 'jh7547777', '', 0, '', '', 0, '', 0.00, 0, 0, 0.00),
(6, '2008102713386', 2, 1, 2, 2, '阳阳', 1, 2, 52, 502, '中关村海兴大厦', '100085', '010-25851234', '13986765412', 'aiecshop@163.com', '中午', '法院', '', 1, '圆通速递', 4, '余额支付', '等待所有商品备齐后再发', '', '', '', '', '', '', 13520.00, 0.00, 0.00, 10.00, 0.00, 0.00, 0.00, 13468.35, 6165, 61.65, 0.00, 0.00, 0, '本站', 1225064971, 1225064971, 1225064971, 1225065066, 0, 0, 0, 'HU7574544444', '', 0, '', '', 0, '', 0.00, 0, 0, 0.00),
(7, '2008102757460', 2, 1, 2, 2, '阳阳', 1, 2, 52, 502, '中关村海兴大厦', '100085', '010-25851234', '13986765412', 'aiecshop@163.com', '中午', '法院', '', 1, '圆通速递', 4, '余额支付', '等待所有商品备齐后再发', '', '', '', '', '', '', 5115.00, 0.00, 0.00, 10.00, 0.00, 0.00, 0.00, 5125.00, 0, 0.00, 0.00, 0.00, 0, '本站', 1225067079, 1225067079, 1225067079, 1225067114, 0, 0, 0, 'fr185888', '', 0, '', '', 0, '', 0.00, 0, 0, 0.00),
(8, '2008102766469', 2, 1, 0, 2, '阳阳', 1, 2, 52, 502, '中关村海兴大厦', '100085', '010-25851234', '13986765412', 'aiecshop@163.com', '中午', '法院', '', 1, '圆通速递', 4, '余额支付', '等待所有商品备齐后再发', '', '', '', '', '', '', 100.00, 5.00, 0.00, 10.00, 0.00, 0.00, 0.00, 115.00, 0, 0.00, 0.00, 0.00, 0, '本站', 1225067165, 1225067165, 1225067165, 0, 0, 0, 0, '', '', 0, '', '', 0, '', 0.00, 0, 0, 0.00),
(9, '2008102784298', 2, 1, 1, 2, '阳阳', 1, 2, 52, 502, '中关村海兴大厦', '100085', '010-25851234', '13986765412', 'aiecshop@163.com', '中午', '法院', '', 1, '圆通速递', 4, '余额支付', '等待所有商品备齐后再发', '', '', '', '', '', '', 2888.00, 0.00, 0.00, 10.00, 0.00, 0.00, 0.00, 2898.00, 0, 0.00, 0.00, 0.00, 0, '本站', 1225070064, 1225070064, 1225070064, 1225070087, 0, 0, 0, 'hh5455555', '', 0, '', '', 0, '', 0.00, 0, 0, 0.00);

--
-- `ecs_link_goods`
--
INSERT INTO `ecs_link_goods` VALUES
(32, 29, 1, 1),
(29, 32, 1, 1),
(32, 28, 1, 1),
(28, 32, 1, 1),
(32, 31, 1, 1),
(32, 26, 1, 1),
(31, 32, 1, 1),
(26, 32, 1, 1);

--
-- `ecs_topic`
--
INSERT INTO `ecs_topic` VALUES
(1, '3G手机优惠大行动', '<h1 style="text-align: center"><span style="color: #ff0000"><span style="font-size: xx-large">&nbsp;3G手机优惠大行动</span></span></h1>\r\n<p>&nbsp;&nbsp;&nbsp; 优惠活动:</p>\r\n<p>&nbsp;16397作为专业手机连锁企业之一，为广大球迷和学生准备了丰富的促销活动，无论你在全国各地，均可享受到这份丰盛大礼！在此，我们手机频道也非常感谢16397手机网为我们提供此次活动的详情信息。</p>\r\n<p>北京：（咨询热线：010-454214444）</p>\r\n<p>活动一、16397手机网寻高考状元，送200万像素手机。</p>\r\n<p>活动二、学生优惠100元，再送动感地带卡号一张。</p>\r\n<p>活动三、百万像素手机跌破400元，仅售388元；30万像素手机仅售299元。</p>\r\n<p>活动四、诺基亚6125抢先上市，16397手机网独家发售。</p>\r\n<p>活动五、手机以旧换新：旧手机可抵400元或旧电池可抵220元换购24款畅销手机。</p>\r\n<p>活动六、&ldquo;乐酷乐消暑&rdquo;，音乐T恤送给您。凡购买诺基亚6060，6030，7260，3230，6600可以获赠一个设计有众多中外顶级歌手头像的&ldquo;乐酷乐消暑&rdquo;的音乐T恤+可以免费下载8首原音铃声的精美卡片。</p>\r\n<p>活动七、&ldquo;竞猜世界杯，畅赢诺基亚&rdquo;。凡在16397手机网购买诺基亚手机，均可参加竞猜世界杯活动，如果您猜对世界杯八强的八支球队，可获当天所购机型金额50%的现金返还；如果您猜对世界杯八强的七支球队，可获当天所购机型金额30%的现金返还。</p>\r\n<p>活动八、摩托罗拉：新锐手机+流行音乐，倾听时尚锐音。购摩托罗拉L7、V3i送超薄音箱+锐音CD+锐音体验卡<br />\r\n&nbsp;</p>', 1223884800, 1287129600, 'O:8:"stdClass":1:{s:7:"default";a:1:{i:0;s:5:"3g|40";}}', '', '');
